erc20,0x580A84C73811E1839F75d86d75d88cCa0c241fF4,0x5Cf5ec36D95568Ce6DB0C97C7811941338620664,80.809651809922931685,
erc20,0x580A84C73811E1839F75d86d75d88cCa0c241fF4,0x328747d9D48Ec55A3dAa70bDAE3Dcf3462bC6791,8.484646035229577465,
erc20,0x580A84C73811E1839F75d86d75d88cCa0c241fF4,0x6A9179b9fEa327c95dc01c77C29554D2D6249fbf,27.151859682536475796,
erc20,0x580A84C73811E1839F75d86d75d88cCa0c241fF4,0x86c7e05B935eC835610531Ae5c716e081FABc828,43.970710335271437444,
erc20,0x580A84C73811E1839F75d86d75d88cCa0c241fF4,0xD1792Fe3B1C3B4752dBdaBa93D6e3cFd9c43dC8A,6.690251244042583981,
erc20,0x580A84C73811E1839F75d86d75d88cCa0c241fF4,0x588799FD66bF71bf9528e58D0Ce0D0Bd7681ddCC,20.703975246245652026,
erc20,0x580A84C73811E1839F75d86d75d88cCa0c241fF4,0xA4c63A2E8D0556dDB36C6544625284c663642387,88.783424018583928944,
erc20,0x580A84C73811E1839F75d86d75d88cCa0c241fF4,0xE57450ffbEC20a28ed6d9C29c4003271A1B15629,6.85965906858166955,
erc20,0x580A84C73811E1839F75d86d75d88cCa0c241fF4,0x2b72051F378Bff38c63C286f4B5031a238C132cb,29.512783134324962706,
erc20,0x580A84C73811E1839F75d86d75d88cCa0c241fF4,0x34Ff77A853A14579d2120Ac08C5e342CEe08AD71,403.183173766321922693,
erc20,0x580A84C73811E1839F75d86d75d88cCa0c241fF4,0x97188c8755443868F150CA2Ed307671E7d686744,42.400477522755541763,
erc20,0x580A84C73811E1839F75d86d75d88cCa0c241fF4,0x5794201b0B8a166c9F47a12ebd4624932455a645,158.956566178276366374,
erc20,0x580A84C73811E1839F75d86d75d88cCa0c241fF4,0x40f75477Bc81A921f830835dDa7eFec0E7489c62,52.705967718099715267,
erc20,0x580A84C73811E1839F75d86d75d88cCa0c241fF4,0x23B9225c7a27E1394E4145110CB5242A54fd87F4,100.520235018168800518,
erc20,0x580A84C73811E1839F75d86d75d88cCa0c241fF4,0x63B4B9081E9EfF9498421998913702c350F0a09C,869.732661725535920843,
erc20,0x580A84C73811E1839F75d86d75d88cCa0c241fF4,0x6efBd321A847ac30513463192704543f149Cc798,12.433063788488261035,
erc20,0x580A84C73811E1839F75d86d75d88cCa0c241fF4,0xaf65c100Ffeba4Bc89F0D801D7662C5A6238B481,401.415074642555040372,
erc20,0x580A84C73811E1839F75d86d75d88cCa0c241fF4,0xd1dD8923cF60Ff75047eCf0285fe79f37EE4e5B3,25.097488571553996608,
erc20,0x580A84C73811E1839F75d86d75d88cCa0c241fF4,0x49D69CD071C75a9848085fF1352553B17C21AE91,7.359276368446842374,
erc20,0x580A84C73811E1839F75d86d75d88cCa0c241fF4,0xFf647Ac5C5597B4d556297851489E60DdfbF4BDd,2224.824484133600760084,
erc20,0x580A84C73811E1839F75d86d75d88cCa0c241fF4,0xFf88A906bA913F34e030a5630E808527054F2AC4,676.645058653605477237,
erc20,0x580A84C73811E1839F75d86d75d88cCa0c241fF4,0x91732345ddAA779f0d37fad1A9b59e0663ACf8D4,52.193185250410236174,
erc20,0x580A84C73811E1839F75d86d75d88cCa0c241fF4,0x3C9b942486833fa3fd303dC441432654FA6B18d3,24.549846252666131745,
erc20,0x580A84C73811E1839F75d86d75d88cCa0c241fF4,0xE10f521a84bD7E949A012B812d060Fe5fB2c3dC8,135.122133019482039206,
erc20,0x580A84C73811E1839F75d86d75d88cCa0c241fF4,0xf2EE49b5EF78930B7118A299d83F4a783EF4427D,69.826356174178388876,
erc20,0x580A84C73811E1839F75d86d75d88cCa0c241fF4,0xd97F8cED6d898E76Bc8c15B87b18E54f4fd79aE3,84.780833083679381423,
erc20,0x580A84C73811E1839F75d86d75d88cCa0c241fF4,0x9351c9f9062091d1c76b05b9446A34Aca2418c68,146.670944377346203726,
erc20,0x580A84C73811E1839F75d86d75d88cCa0c241fF4,0xFF3337af986289FAb8d51260e7BFc40102BB0C72,57.130076075524269538,
erc20,0x580A84C73811E1839F75d86d75d88cCa0c241fF4,0xDFC1256E1DbB03257b18B5448adF43aAf57C5E9b,33.785768782415049206,
erc20,0x580A84C73811E1839F75d86d75d88cCa0c241fF4,0x7A05B87F0e95c3ABE3f296017C69b5A62C82e286,21.743316543138397997,
erc20,0x580A84C73811E1839F75d86d75d88cCa0c241fF4,0x347c00353900E1c3BBAC6552dB67E490FBDd70Ef,33.572787460209266492,
erc20,0x580A84C73811E1839F75d86d75d88cCa0c241fF4,0x62dA33e1Ce5BB5A0D9D2B9419C572cB091f91Aa3,6.732400610109681341,
erc20,0x580A84C73811E1839F75d86d75d88cCa0c241fF4,0x4e46cd691B0A159FBE5e2D08a3951a324e2fb4C0,1806.301321720228752217,
erc20,0x580A84C73811E1839F75d86d75d88cCa0c241fF4,0xe54f3076Ab305298989a276E53D14f2a48dFc0f9,45.204309240349559325,
erc20,0x580A84C73811E1839F75d86d75d88cCa0c241fF4,0xfdF7880f002336F547Cc7E32364d841BE21dCdAd,171.968811131376930456,
erc20,0x580A84C73811E1839F75d86d75d88cCa0c241fF4,0x2F23A32CC31c3B5bBA39c567C77681373C3847a9,66.701804903104562516,
erc20,0x580A84C73811E1839F75d86d75d88cCa0c241fF4,0x166e2801A246389ACb601a8c9D912FeE908dBb4D,670.984113115789784666,
erc20,0x580A84C73811E1839F75d86d75d88cCa0c241fF4,0xb8Aa5d63491c087D40Fee4311A89b1dCd74b0FDb,886.975029736488585567,
erc20,0x580A84C73811E1839F75d86d75d88cCa0c241fF4,0x78E87757861185Ec5e8C0EF6BF0C69Fa7832df6C,9.700864303861746784,
erc20,0x580A84C73811E1839F75d86d75d88cCa0c241fF4,0x54DDFAba70576B04C836205F6d0135EDA7F731e3,24.292261264410731664,
erc20,0x580A84C73811E1839F75d86d75d88cCa0c241fF4,0xDC1c5a3d2173D6bcC0d6a62b7e94c00f88DdBaE8,10.239955039227738607,
erc20,0x580A84C73811E1839F75d86d75d88cCa0c241fF4,0x53A385d47D3a011539Ec377f53aCB410F53ff97d,1817.993838451592671583,
erc20,0x580A84C73811E1839F75d86d75d88cCa0c241fF4,0x3FbacD52FA6F1F15Bc3D776474FdAB07ec9D8d59,13.380502488085167987,
erc20,0x580A84C73811E1839F75d86d75d88cCa0c241fF4,0x84aCb4278360AB4A09dF2f963A14724f51098518,151.386143497565547229,
erc20,0x580A84C73811E1839F75d86d75d88cCa0c241fF4,0xdbF21d3Eb8cE1FB0092bed68DD69E012e877847B,126.036176368635251193,
erc20,0x580A84C73811E1839F75d86d75d88cCa0c241fF4,0xAEbe2c167392E4b0d3e150ca80204eB327Db918b,275.237675254762560272,
erc20,0x580A84C73811E1839F75d86d75d88cCa0c241fF4,0x01E0b9117308a04ac343245A37aB27B9a6545650,57.113844698038780546,
erc20,0x580A84C73811E1839F75d86d75d88cCa0c241fF4,0xf98f8c1D75b23982ACeD2EA2ACA781d75f946B1D,148.366793509154186634,
erc20,0x580A84C73811E1839F75d86d75d88cCa0c241fF4,0xa6dbC1a93958fB3083DfE013c8282DafA2a6b667,228.977791660181913062,
erc20,0x580A84C73811E1839F75d86d75d88cCa0c241fF4,0xA44d3bBDD1FFEFF9471B250FAE74b29c1659f226,200.707537321277520171,
erc20,0x580A84C73811E1839F75d86d75d88cCa0c241fF4,0x2bDAB32Fc7285EA127cd72046D7A0f9C5bF0dcBC,834.473815522088439109,
erc20,0x580A84C73811E1839F75d86d75d88cCa0c241fF4,0x1279206c9705dd06c6AC23fA4622803652bBe75e,6.668384358697584812,
erc20,0x580A84C73811E1839F75d86d75d88cCa0c241fF4,0xc1cCD3E37325c4215EeC75FEB0EC59f494e7FFD4,53.615883069192835493,
erc20,0x580A84C73811E1839F75d86d75d88cCa0c241fF4,0x5EeDe1C45E4401d7D95E55446dAd71B511328534,10.035376866063875979,
erc20,0x580A84C73811E1839F75d86d75d88cCa0c241fF4,0x315E6635a6aD955F08b044a6eF67b53d6b72D621,30.106130598191628,
erc20,0x580A84C73811E1839F75d86d75d88cCa0c241fF4,0xbe0D364BE872A1B5ceB8Be5F1C1e7E651810cEe5,60.446523909446812247,
erc20,0x580A84C73811E1839F75d86d75d88cCa0c241fF4,0xf23E1bEFC889Ac30991762eD44fbD8EBF260419b,377.818172660677783758,
erc20,0x580A84C73811E1839F75d86d75d88cCa0c241fF4,0x484267774F1ef7078A4a71DAA578978127491fC0,8.171052331785293552,
erc20,0x580A84C73811E1839F75d86d75d88cCa0c241fF4,0x9c57027B1eca93093a6F446422C59C85A5A3Fa52,107.966633548127722968,
erc20,0x580A84C73811E1839F75d86d75d88cCa0c241fF4,0x59107FabdC74F84Ae0aF77Abdfa4779bAC69cBf3,64.895437067213064832,
erc20,0x580A84C73811E1839F75d86d75d88cCa0c241fF4,0x04951322D576126B6BEfAe150C4bB506c7b1daC6,42.77502018368807536,
erc20,0x580A84C73811E1839F75d86d75d88cCa0c241fF4,0x29A4a663C6B44e4a9B49A429ef09bf3eD3FBF9f3,65.870068060102823381,
erc20,0x580A84C73811E1839F75d86d75d88cCa0c241fF4,0x3888132606615fC0759853b6eC1107E717D0Ae52,18.398190921117105987,
erc20,0x580A84C73811E1839F75d86d75d88cCa0c241fF4,0xf5659d33af64B5B987F048a4Ba7cfCa1C96f7F7a,66.902512440425840039,
erc20,0x580A84C73811E1839F75d86d75d88cCa0c241fF4,0x68863699Ae0BE79DB4591F38295672D1bc6f5112,73.78029153921331949,
erc20,0x580A84C73811E1839F75d86d75d88cCa0c241fF4,0xd47b8E97830aeb8759b6C80F1375CBc534EA2bC4,127.352436795982111312,
erc20,0x580A84C73811E1839F75d86d75d88cCa0c241fF4,0xbaAd84daf8fd2dfF5438Cb3076caBABEdA952eBf,16.677181969386461083,
erc20,0x580A84C73811E1839F75d86d75d88cCa0c241fF4,0xfE3f16B1cB7CE908B5386F6643a691526d2a0A84,19.273281897456926346,
erc20,0x580A84C73811E1839F75d86d75d88cCa0c241fF4,0xC074887D140e276a8B892222F925440EaF3FF40B,16.036279680804517319,
erc20,0x580A84C73811E1839F75d86d75d88cCa0c241fF4,0x9f273C1fd76B09cB09278019A50991a5F6265b0D,93.663517416596176066,
erc20,0x580A84C73811E1839F75d86d75d88cCa0c241fF4,0x3a1bbd14c1c0e2Ebf7cd906961d122dADd5448A7,3057.808217587459422891,
erc20,0x580A84C73811E1839F75d86d75d88cCa0c241fF4,0x66AC1521D49EE47a8a55E2534ebdd5a9991A9808,6.690251244042583981,
erc20,0x580A84C73811E1839F75d86d75d88cCa0c241fF4,0xC6e87ADF4133Cc61CacDA134e79c243De9dB3E69,33.733491727865456195,
erc20,0x580A84C73811E1839F75d86d75d88cCa0c241fF4,0xCD75C47B2Ec49E92cC673269B53d1A75D023DfC9,82.459130543791614322,
erc20,0x580A84C73811E1839F75d86d75d88cCa0c241fF4,0x4FfCB4a325dc359B39215C694BbfBfAf6485097b,73.366477496957957345,
erc20,0x580A84C73811E1839F75d86d75d88cCa0c241fF4,0x4Ea6415289Cf688f8A19381e1a9Af213d2510454,20.116778806893091118,
erc20,0x580A84C73811E1839F75d86d75d88cCa0c241fF4,0x55F007605d7f78bA48bEae6034EC46A2BBe98d3d,54.860060201149188826,
erc20,0x580A84C73811E1839F75d86d75d88cCa0c241fF4,0x717F6203d68b8914D2C247548ed093baBC1812e3,121.8617465529943066,
erc20,0x580A84C73811E1839F75d86d75d88cCa0c241fF4,0x60B5D81abB67e13c27156e5D959fB8E57c7b146a,23.591562979339750468,
erc20,0x580A84C73811E1839F75d86d75d88cCa0c241fF4,0x42FC62b9e79209b74Ef9eE746498242A572e174d,12.376964801478780385,
erc20,0x580A84C73811E1839F75d86d75d88cCa0c241fF4,0xA84fE466486223FA9BbA2dD3ecFb5C1100311711,401.415074642555040372,
erc20,0x580A84C73811E1839F75d86d75d88cCa0c241fF4,0x2C48A579668F76dBF59c20B9273DA9083be65F52,13.380502488085167987,
erc20,0x580A84C73811E1839F75d86d75d88cCa0c241fF4,0xC845e0c2117b3eA329011475819f14D0854a12AE,176.687058388936643075,
erc20,0x580A84C73811E1839F75d86d75d88cCa0c241fF4,0xb5dc5Bf5b0a20F5A89afa5b5BdEd05cCd780A0a1,6.752771766691347625,
erc20,0x580A84C73811E1839F75d86d75d88cCa0c241fF4,0x5773C682A7163560bB60cbBEAd1179896D6a16B3,5.123041480510157596,
erc20,0x580A84C73811E1839F75d86d75d88cCa0c241fF4,0x3c7e870ce51A3429A3D2dfC4454282A8676F2029,127.939748819873554254,
erc20,0x580A84C73811E1839F75d86d75d88cCa0c241fF4,0xb731c1dA69C3BfF9b4d13A911895f052A71F19bb,8.302480900481646774,
erc20,0x580A84C73811E1839F75d86d75d88cCa0c241fF4,0x838a00DD04f8D070bD0d140d3c00C41B8EC91B6D,702.476380624471320674,
erc20,0x580A84C73811E1839F75d86d75d88cCa0c241fF4,0xc5EbBC325f9c5520f703c5D6Ca36361d4bEa5ab8,116.345524811857012101,
erc20,0x580A84C73811E1839F75d86d75d88cCa0c241fF4,0x5929cC4D10b6a1acc5bF5D221889f10251C628A1,99.931468843592801109,
erc20,0x580A84C73811E1839F75d86d75d88cCa0c241fF4,0xe6d35A0ad3feD703B7205213EEBAed8851C456e0,11.5199833664176781,
erc20,0x580A84C73811E1839F75d86d75d88cCa0c241fF4,0xdADe62F4B12766128b92E553a79FdE483b7B5356,22.493362726221413845,
erc20,0x580A84C73811E1839F75d86d75d88cCa0c241fF4,0xacB62d64Dd9c386c4b3316F421F6c545390Dcc94,26.998649765794200973,
erc20,0x580A84C73811E1839F75d86d75d88cCa0c241fF4,0xce9260C6F1Df188999508f49035C73Cf93d94DA2,1416.802039370655584441,
erc20,0x580A84C73811E1839F75d86d75d88cCa0c241fF4,0xA1E252289Ba2d2A805831F31414ff9eff93A00f9,13.050045013532012091,
erc20,0x580A84C73811E1839F75d86d75d88cCa0c241fF4,0x72666DDEe3a531C31f5Fa9f1F45DC1b9EA435bB4,24.302586669090975668,
erc20,0x580A84C73811E1839F75d86d75d88cCa0c241fF4,0x9BB3797b7EAd2E3D7ccA79c2C952D1ca5060cC1c,67.135836802559430791,
erc20,0x580A84C73811E1839F75d86d75d88cCa0c241fF4,0x4ACe9DCB1cd7D64AcBAC8384A5C5AE40a1697380,264.15860358762394292,
erc20,0x580A84C73811E1839F75d86d75d88cCa0c241fF4,0x792404bDE2640e8B861122a90f4058909d82dE1E,9.366351741659617578,
erc20,0x580A84C73811E1839F75d86d75d88cCa0c241fF4,0x6d06856E012E692e3238Fe73c0F48857c11CEFc5,10.759938930613472195,
erc20,0x580A84C73811E1839F75d86d75d88cCa0c241fF4,0x3a643C2C0C5617d827118E2654a001a84aF04258,14.629333215150289227,
erc20,0x580A84C73811E1839F75d86d75d88cCa0c241fF4,0x7e3A0120dc673AC1c72E708622664bC8456da619,37.099581542149145399,
erc20,0x580A84C73811E1839F75d86d75d88cCa0c241fF4,0x3Fd869FBA9566368085672e007aE32e5fcd193f3,6.690251244042583981,
erc20,0x580A84C73811E1839F75d86d75d88cCa0c241fF4,0x272E8D4e1F2d7f905be62Cf951891a9CAc006cDA,10.243674604925707215,
erc20,0x580A84C73811E1839F75d86d75d88cCa0c241fF4,0xa5FB66F7506de75803aC2b81b3b4C6AAB2aAF826,8.688362765214314739,
erc20,0x580A84C73811E1839F75d86d75d88cCa0c241fF4,0x4Ed6E36e8C9a61D5b39F652C9CCbE1a4E84B14CD,61.590200372609953594,
erc20,0x580A84C73811E1839F75d86d75d88cCa0c241fF4,0x470e2C101884d0686327547a7B1b96A5c741f34e,7.056080203884541983,
erc20,0x580A84C73811E1839F75d86d75d88cCa0c241fF4,0xC482373030Af1187e54f2Dee7356043E39889EEe,15.537894228289819274,
erc20,0x580A84C73811E1839F75d86d75d88cCa0c241fF4,0xA4051A45E35360284476a19a967998C4829FCbA0,15.000430883719236389,
erc20,0x580A84C73811E1839F75d86d75d88cCa0c241fF4,0x792340043f912e981453D3C937f5aEF348E1A2d7,24.458603700355517575,
erc20,0x580A84C73811E1839F75d86d75d88cCa0c241fF4,0xB6629d542FBba842E54E631407C1346E840590E0,61.019827418992011721,
erc20,0x580A84C73811E1839F75d86d75d88cCa0c241fF4,0xb8cEA967F39A39521585262DE95655A451FD38f7,28.214838572314546237,
erc20,0x580A84C73811E1839F75d86d75d88cCa0c241fF4,0x3C61a6857adb1f4ba6a0155b990BF7a7fA530390,13.243215643641193461,
erc20,0x580A84C73811E1839F75d86d75d88cCa0c241fF4,0x34B8F96eFdE4E69BBc132Da9A8f2bF93DB9a97bf,17.319544348484491993,
erc20,0x580A84C73811E1839F75d86d75d88cCa0c241fF4,0xc9017CaCde5D2691C6183510d4824085FF166702,42.445318617260453463,
erc20,0x580A84C73811E1839F75d86d75d88cCa0c241fF4,0x4815Ee939fE2efeC2f7bc415f0cE2282f6417fe9,42.941350162445188207,
erc20,0x580A84C73811E1839F75d86d75d88cCa0c241fF4,0x0524f2B8765Ee3A1a033311dDc9e2DcaaD34b8C3,7.135867066775750131,
erc20,0x580A84C73811E1839F75d86d75d88cCa0c241fF4,0xd281F988242C900d67fF2aafABe683B8004Ee778,5361.335604653582358491,
erc20,0x580A84C73811E1839F75d86d75d88cCa0c241fF4,0xfB62Bb374E064077aaf62089aeb52FE1E5c2054E,11.061550957454328677,
erc20,0x580A84C73811E1839F75d86d75d88cCa0c241fF4,0xBE978D3a35EDe7A933F648Fcc9237573ADe08794,11.405255864741402982,
erc20,0x580A84C73811E1839F75d86d75d88cCa0c241fF4,0x7955A617DF025e501E7a8eD9be658149a627Fc8C,6.071419746505204594,
erc20,0x580A84C73811E1839F75d86d75d88cCa0c241fF4,0xBeed15CEE8f0fa0f51d7aF1bdeA326746C7BcbA4,16.455351674619393508,
erc20,0x580A84C73811E1839F75d86d75d88cCa0c241fF4,0xfEe0a5607C453f0eA32599AD0388eAbd37A9c404,107.044019904681344077,
erc20,0x580A84C73811E1839F75d86d75d88cCa0c241fF4,0xE2F4290cEeb817004c04f993aCeD5F130BFAb3e5,65.865523497599239516,
erc20,0x580A84C73811E1839F75d86d75d88cCa0c241fF4,0x9eF0EC7d2CDbB66bCfbD2D5BD41229bF71D69444,455.633772512613000332,
erc20,0x580A84C73811E1839F75d86d75d88cCa0c241fF4,0xA2DD06FA23544f0760Eac3E2CCb55E4A1F7a50F8,2.815355711201181736,
erc20,0x580A84C73811E1839F75d86d75d88cCa0c241fF4,0xFab500061E63E30baBDEb3ffAD296d761A52D7b8,46.038099073897976179,
erc20,0x580A84C73811E1839F75d86d75d88cCa0c241fF4,0x9c77F42Cd5Ee95Ee2F1565704DBcbDb9191A678a,8.539573767192994012,
erc20,0x580A84C73811E1839F75d86d75d88cCa0c241fF4,0x145C1A5bFee1c9F2e5C9c379CaA323A4e5118dc7,16.659352669795017915,
erc20,0x580A84C73811E1839F75d86d75d88cCa0c241fF4,0x058e7e1B1CF58969038274a5c7dCC579859b583c,10.351623112490377673,
erc20,0x580A84C73811E1839F75d86d75d88cCa0c241fF4,0x3A542300159d084382e228EC8F54A402451E5A67,203.100636509908573136,
erc20,0x580A84C73811E1839F75d86d75d88cCa0c241fF4,0x8E47Dc81208f8aA8b96F5771Dcfa897dd15666fb,3.964112139725791823,
erc20,0x580A84C73811E1839F75d86d75d88cCa0c241fF4,0xE84ADC0964ee34CE0319DF3418636eD6a4117B97,9.204550047992939565,
erc20,0x580A84C73811E1839F75d86d75d88cCa0c241fF4,0x8680b61C2F2Ca7eC8D70AE7274b9dCF62b0426f9,15.487267837871429207,
erc20,0x580A84C73811E1839F75d86d75d88cCa0c241fF4,0x84b732C8e99A519d98fe850eEA17341B607d041a,1.290000291338298048,
erc20,0x580A84C73811E1839F75d86d75d88cCa0c241fF4,0x5aF9C58D53E462cA570191C5983dd44BCA3A3092,102.86306960306096856,
erc20,0x580A84C73811E1839F75d86d75d88cCa0c241fF4,0x3fdDeE6383e30571E9CE36112b6C70aacB70AaF5,14.491637107963397455,
erc20,0x580A84C73811E1839F75d86d75d88cCa0c241fF4,0x8f9F67770C8CBfff7d5748d15996DC1CFB2FC5fC,2.654668963024900284,
erc20,0x580A84C73811E1839F75d86d75d88cCa0c241fF4,0xde11dD877e988D785d50d86cE865bDee923510d8,4.110191139425961194,
erc20,0x580A84C73811E1839F75d86d75d88cCa0c241fF4,0xd49d981e1Dc0E2BAdD9f7e0856C2137Eae01bE7D,2.692072814750076759,
erc20,0x580A84C73811E1839F75d86d75d88cCa0c241fF4,0xD24a800a2eF27BF5a2a4B760570D129876A450A1,2.196060097650494425,
erc20,0x580A84C73811E1839F75d86d75d88cCa0c241fF4,0xEFDcEA99cDb77EC4F0a474dDa114A6F84a0F3823,4.842216999192545255,
erc20,0x580A84C73811E1839F75d86d75d88cCa0c241fF4,0x5315e64C2feD9b4c4Fa185A8A02083ce37b75B61,15.154891451067995606,
erc20,0x580A84C73811E1839F75d86d75d88cCa0c241fF4,0xA77208EbCaB6a884B2617731CE2888c6abF72DDa,1.629388660561598926,
erc20,0x580A84C73811E1839F75d86d75d88cCa0c241fF4,0x7438414471Eb5f41b52e6ec05104F0Abe5C9cb23,4.020102282706956992,
erc20,0x580A84C73811E1839F75d86d75d88cCa0c241fF4,0x488dC81dC51604c21c013B517C543fEf18675951,21666.34568376767553775,
erc20,0x580A84C73811E1839F75d86d75d88cCa0c241fF4,0x80B3153F39Aeec1EF68Adc038913698e103E6e1d,835.343502724481478404,
erc20,0x580A84C73811E1839F75d86d75d88cCa0c241fF4,0x75e717E55cc26746838c3e2ccc3CcF6B8eb954ec,5.242453858266000742,
erc20,0x580A84C73811E1839F75d86d75d88cCa0c241fF4,0x5547e568705ed69440b499a2e0EB769c956FCE01,79.405727437716951329,
erc20,0x580A84C73811E1839F75d86d75d88cCa0c241fF4,0xB698be40b6fF59CecDC5472BCc6ba5dC8C087786,5.617801115239598242,
erc20,0x580A84C73811E1839F75d86d75d88cCa0c241fF4,0xa605c28Fad3E79B93B0003379b1A766Ee798E93A,1.793398381516792425,
erc20,0x580A84C73811E1839F75d86d75d88cCa0c241fF4,0x209cC72C78999A4536Df882D969e49029605cd04,10.56875172916494982,
erc20,0x580A84C73811E1839F75d86d75d88cCa0c241fF4,0xf5ED909Ff51045A4c1a8fc194809108a6F33d656,2.244845334829170863,
erc20,0x580A84C73811E1839F75d86d75d88cCa0c241fF4,0xFefd7E49FD2Ba5a3449D952fe883355bDad33dB5,1.404666683293993965,
erc20,0x580A84C73811E1839F75d86d75d88cCa0c241fF4,0xc0BC0De38E4136f9a2939903AFA196B1AA83184C,3.106402796502917098,
erc20,0x580A84C73811E1839F75d86d75d88cCa0c241fF4,0xBF7725eCE8c2fa6023882Bb8B7D94a21b80c7E3d,5.491548067094395519,
erc20,0x580A84C73811E1839F75d86d75d88cCa0c241fF4,0x4177a5c0E2369F6830A4c3825aFc8fB3Dd47790D,94.650201567776892446,
erc20,0x580A84C73811E1839F75d86d75d88cCa0c241fF4,0x34EC9c1D89cE8Afa701D079FD908FcA95f49667a,64.079275669031890992,
erc20,0x580A84C73811E1839F75d86d75d88cCa0c241fF4,0x8E13649613B774Ab67D1C1eDfc22a2202270fD81,27.494211454526892922,
erc20,0x580A84C73811E1839F75d86d75d88cCa0c241fF4,0xCC1e0A566dbd10869c071c811aBa436357858f05,33.176719162943013259,
erc20,0x580A84C73811E1839F75d86d75d88cCa0c241fF4,0x1AF8AF5ab89536BDeC74F51676ae24fA7E70C21b,6.55176845515830241,
erc20,0x580A84C73811E1839F75d86d75d88cCa0c241fF4,0xB16C93cb45553bB442812034981FE44446Fd776B,2.701937872023237829,
erc20,0x580A84C73811E1839F75d86d75d88cCa0c241fF4,0xAe5499976FfD3e58Be47BDD51c787A5201D957f4,2.435036435333308499,
erc20,0x580A84C73811E1839F75d86d75d88cCa0c241fF4,0x1F751b1da0e87B6372d7bE92106b6239fa7eFc60,5.241414764126641924,
erc20,0x580A84C73811E1839F75d86d75d88cCa0c241fF4,0x08f214ECD776cc89f89A65c2Daa62A3aB5191A2E,98.287521793632709073,
erc20,0x580A84C73811E1839F75d86d75d88cCa0c241fF4,0xBEE8bbBC85f226F2FC2490901f48958c41DF152d,3.734822516009718314,
erc20,0x580A84C73811E1839F75d86d75d88cCa0c241fF4,0x31F10E898CA5432c95e287e671BC1EFef8Ce5362,2.589685053154438482,
erc20,0x580A84C73811E1839F75d86d75d88cCa0c241fF4,0xB8aaFBE4999Ca1057e26DcF7B1470070c3101ba5,2.453300309831215728,
erc20,0x580A84C73811E1839F75d86d75d88cCa0c241fF4,0xB203df26AF3666f4214661f7f903C46EDF9403b0,13.496643017626102994,
erc20,0x580A84C73811E1839F75d86d75d88cCa0c241fF4,0x605572243c30Af7493707C9c8E8aA2Ee25537e9A,10.482829528253283875,
erc20,0x580A84C73811E1839F75d86d75d88cCa0c241fF4,0xB728311c5557f82050CDa1bbE98DfF6595BE969a,15.788420656823279702,
erc20,0x580A84C73811E1839F75d86d75d88cCa0c241fF4,0x8565faab405b06936014C8b6bD5Ab60376Cc051B,317.121972968478758451,
erc20,0x580A84C73811E1839F75d86d75d88cCa0c241fF4,0x8C9F3175d8aa227ecCdBc21B95bC5fA328006A0f,33.964985130371436919,
erc20,0x580A84C73811E1839F75d86d75d88cCa0c241fF4,0x0b3CEf9F913f4F08bba1ED0FD5BA892C0FeC5617,64.675320197375794194,
erc20,0x580A84C73811E1839F75d86d75d88cCa0c241fF4,0xa1BbD8D39eD536DEa030A32F3F6C5916C845A800,18.739898923751741335,
erc20,0x580A84C73811E1839F75d86d75d88cCa0c241fF4,0x7af4922fc22037D573e889201bE7C38E42f22220,108.145999752487542099,
erc20,0x580A84C73811E1839F75d86d75d88cCa0c241fF4,0x65f80893c4F177882281f654C386e058F8E10DF4,21.675065486678363788,
erc20,0x580A84C73811E1839F75d86d75d88cCa0c241fF4,0x83fEBcf72458393A3957cc9793A9F04FF59A3d45,3.275884227579151189,
erc20,0x580A84C73811E1839F75d86d75d88cCa0c241fF4,0x824877Ea01fbc2dF1DD89c5492FA724aE3A8e8AE,2.474416775420776206,
erc20,0x580A84C73811E1839F75d86d75d88cCa0c241fF4,0x6B0AB64BA82daB64130fCD7dC1E2F803f7aEf730,101.917588616144819736,
erc20,0x580A84C73811E1839F75d86d75d88cCa0c241fF4,0x329c54289Ff5D6B7b7daE13592C6B1EDA1543eD4,702.700562884216646627,
erc20,0x580A84C73811E1839F75d86d75d88cCa0c241fF4,0x74CDeBEf01f3eebeB04f5268E089b59aC0DF9AaF,1.727056964564183187,
erc20,0x580A84C73811E1839F75d86d75d88cCa0c241fF4,0x793646171f7Fa0440429B3e8b25C2e12Cc397477,1.814641092123522282,
erc20,0x580A84C73811E1839F75d86d75d88cCa0c241fF4,0x1c9674667D8468204452c52D610a0883E97C22aD,105.208267683949425543,
erc20,0x580A84C73811E1839F75d86d75d88cCa0c241fF4,0x1b51A36bB32bA6303e76aac15ef2058d362a59f9,17.648423297035810184,
erc20,0x580A84C73811E1839F75d86d75d88cCa0c241fF4,0x748a9FB91ADE6d9CD48AB1D1AF6F4c27620B703C,118.19390293105577598,
erc20,0x580A84C73811E1839F75d86d75d88cCa0c241fF4,0x0EF13F0A855aDC205d3888704b53bfbA7121AE5C,2.729539706950402852,
erc20,0x580A84C73811E1839F75d86d75d88cCa0c241fF4,0xc15E011B8E117FbA8cC241C70950fC79f515AB3E,6.55176845515830241,
erc20,0x580A84C73811E1839F75d86d75d88cCa0c241fF4,0x442205Df6821E5Fba901C612180cc77E219f4e09,12.911696097184841757,
erc20,0x580A84C73811E1839F75d86d75d88cCa0c241fF4,0x9C48c80064975C01d5E4b7ed528aC1d124355CAF,6.102488816193007568,
erc20,0x580A84C73811E1839F75d86d75d88cCa0c241fF4,0x8bA89f1c8e3D7543E1D74a82e0388373F28C36bA,4.035889368377514277,
erc20,0x580A84C73811E1839F75d86d75d88cCa0c241fF4,0x69344717556C64DC49A2Ba36267A04efAcF34d27,3.337397556167381748,
erc20,0x580A84C73811E1839F75d86d75d88cCa0c241fF4,0xA32f37Be0c7D84984c04F38122698E68935Af8a2,5.996349155804065525,
erc20,0x580A84C73811E1839F75d86d75d88cCa0c241fF4,0x9B85BA0fc6D69e3965ceFC60e6EdEd1034856233,1.37587137558324348,
erc20,0x580A84C73811E1839F75d86d75d88cCa0c241fF4,0xF036e411717bf8E123c245Ff5A7604DABE0Ab1ca,2447.795364133888121292,
erc20,0x580A84C73811E1839F75d86d75d88cCa0c241fF4,0xa322f14c4e9628F5934420a6098a01e7C999e657,13.407966880919389918,
erc20,0x580A84C73811E1839F75d86d75d88cCa0c241fF4,0x2b95890732184B1017cF61cd92B0e42CB8b3CA17,6.813839193364634504,
erc20,0x580A84C73811E1839F75d86d75d88cCa0c241fF4,0x6c32AE11056885Ee17a57EEA1ca0A1D1387585B1,33.774560649055582323,
erc20,0x580A84C73811E1839F75d86d75d88cCa0c241fF4,0x94a23bB6DCec89829254a068dffC7a58f6656DDD,1.703459798341158606,
erc20,0x580A84C73811E1839F75d86d75d88cCa0c241fF4,0x20C0c6dD1a90B2D27C7d6e911579BDAd94ccb087,24.515226221351926831,
erc20,0x580A84C73811E1839F75d86d75d88cCa0c241fF4,0x9e4a0E99FE1A1aB62bf6917037B25742fAd59158,3.931061073094981435,
erc20,0x580A84C73811E1839F75d86d75d88cCa0c241fF4,0x731fe58e35a60390346Ac667F3AFCfEc73F947A1,4.359925819201343389,
erc20,0x580A84C73811E1839F75d86d75d88cCa0c241fF4,0xC0d18AbAA74BFA5D217d5DC836506A63A99C3Ec7,1.603197838918977993,
erc20,0x580A84C73811E1839F75d86d75d88cCa0c241fF4,0x0c251946301468086e557760F55f2e0622Ef5FFa,655.17685027192882616,
erc20,0x580A84C73811E1839F75d86d75d88cCa0c241fF4,0xDFBCd20078b4346c185DEe24d143ad2f98956Ac7,2.067581877513739718,
erc20,0x580A84C73811E1839F75d86d75d88cCa0c241fF4,0xDAa65Da48a9357350daE0E5bE286e60a8309020b,1.965527861685287628,
erc20,0x580A84C73811E1839F75d86d75d88cCa0c241fF4,0x3d2B23962EBCc882f9f65452658BBBa9Fa72d170,8.975186528192139448,
erc20,0x580A84C73811E1839F75d86d75d88cCa0c241fF4,0x701b01cD2317ec4f806Ea9f48f258ddfb53d1905,8.550388474234549408,
erc20,0x580A84C73811E1839F75d86d75d88cCa0c241fF4,0xD95eFDa6a57AEa121d2eFCc4Dc0f14A93D5502aa,5.05796524738220945,
erc20,0x580A84C73811E1839F75d86d75d88cCa0c241fF4,0x95c14C058Aaffda687780eB60Ef8658EF1166578,3.013301538505943402,
erc20,0x580A84C73811E1839F75d86d75d88cCa0c241fF4,0x38048aF4da7d79d2b553836a6d4950d0AC4B60f7,19.65530536547490729,
erc20,0x580A84C73811E1839F75d86d75d88cCa0c241fF4,0xa274C07DCF5f68E877FEE85765e3f2a576D5f91e,2.751742751166486993,
erc20,0x580A84C73811E1839F75d86d75d88cCa0c241fF4,0x2DdC2315714847A964eAcdBf9ba89cA276683ED9,8792.983693898103081672,
erc20,0x580A84C73811E1839F75d86d75d88cCa0c241fF4,0x1013368178ad9fe81F0da4Dfb2726DbD8bD8c05e,5882.592538097346768151,
erc20,0x580A84C73811E1839F75d86d75d88cCa0c241fF4,0xB7ADC19D15E69A1D609B048428C47be18a11781E,14.087068351643741981,
erc20,0x580A84C73811E1839F75d86d75d88cCa0c241fF4,0x0a08D040806BA8856396dEe6de925027619a9f5C,6.377661482943259773,
erc20,0x580A84C73811E1839F75d86d75d88cCa0c241fF4,0x281AAE78f08b69a514AaBe0A17916387eDA3ddcF,1.421733754769351599,
erc20,0x580A84C73811E1839F75d86d75d88cCa0c241fF4,0xca247f64eD79B76B2555971B9Eea802C68D1dB2B,6.840728155745655836,
erc20,0x580A84C73811E1839F75d86d75d88cCa0c241fF4,0x1163E75d2bf3E0ffDB3602FBe0aBA099D5c20e3c,2.944867601184568615,
erc20,0x580A84C73811E1839F75d86d75d88cCa0c241fF4,0x59705600dEbb62b1e6Daf8C8D538b404beA8EfED,2.551572555476337553,
erc20,0x580A84C73811E1839F75d86d75d88cCa0c241fF4,0xb5F0FC9fa412305016A0C2C151a564FEE5B05183,0.729700686465946582,
erc20,0x580A84C73811E1839F75d86d75d88cCa0c241fF4,0xEc503C9FAC9ccc823ab7F7cebe8953d7ee4CC5AC,2.175300132061526587,
erc20,0x580A84C73811E1839F75d86d75d88cCa0c241fF4,0x3237835f43A7336005262C724CE5886ac406417F,0.524646557103245423,
erc20,0x580A84C73811E1839F75d86d75d88cCa0c241fF4,0xe4ffDeC494FC982b6F4eAF6DD10a8700dBDA8Fd2,0.483110263504683602,
erc20,0x580A84C73811E1839F75d86d75d88cCa0c241fF4,0x842E034fE53D6f08f99Ee5F2B805c36F9272BaA8,78.211355236108390017,
erc20,0x580A84C73811E1839F75d86d75d88cCa0c241fF4,0x07a35a5ddA7F50f471eDfaB96666a6b70a154403,173.803011635796422299,
erc20,0x580A84C73811E1839F75d86d75d88cCa0c241fF4,0x6792c4E8A9efB4AB04e73E9b1c9Bf16b7cCC74c9,47.141878256732677031,
erc20,0x580A84C73811E1839F75d86d75d88cCa0c241fF4,0xd0581ff7007ca3559f016Ba05C9eaFE5C2EF886F,87.770520876077193248,
erc20,0x580A84C73811E1839F75d86d75d88cCa0c241fF4,0xDcFCD5dD752492b95ac8C1964C83F992e7e39FA9,23.656539760902526884,
erc20,0x580A84C73811E1839F75d86d75d88cCa0c241fF4,0x31e40209CFcdDa86bAabfe93a428CC9143A9eD30,695.212046543185689274,
erc20,0x580A84C73811E1839F75d86d75d88cCa0c241fF4,0xFcBB477ec276476B6029Ed0467F28F5ac1712884,67.808467573769302281,
erc20,0x580A84C73811E1839F75d86d75d88cCa0c241fF4,0xF2125E7d9a9197a9227109267C9715b187E13790,17.380301163579642206,
erc20,0x580A84C73811E1839F75d86d75d88cCa0c241fF4,0xC22f2289F7cD0f7Aa9200c114477dEeDBcECa2B6,355.917099937937713021,
erc20,0x580A84C73811E1839F75d86d75d88cCa0c241fF4,0x453C6793522F6E78E3264e9fF4d9Af3a6a822825,36.534840677820116222,
erc20,0x580A84C73811E1839F75d86d75d88cCa0c241fF4,0x125aD150043F25A8C0A09C8b82Ac2a26EaAC1400,173.803011635796422299,
erc20,0x580A84C73811E1839F75d86d75d88cCa0c241fF4,0x68ACb2051b73C2342be78Cd1a7E5Ca44483D10c5,243.324216290114991234,
erc20,0x580A84C73811E1839F75d86d75d88cCa0c241fF4,0x30f21d65b38AE778fB3094fE5485Af49E578C0aC,184.556694146835435479,
erc20,0x580A84C73811E1839F75d86d75d88cCa0c241fF4,0xFf4F7b726eE86f810531d2842B3BDd8A512dB594,12.2247580338625804,
erc20,0x580A84C73811E1839F75d86d75d88cCa0c241fF4,0x8069217Ca4d4DA9232141748052Fa9A97B883027,24.711816049758665484,
erc20,0x580A84C73811E1839F75d86d75d88cCa0c241fF4,0x7545FDfB02ADfC734811367Fc06FA7DD5909D698,17.481875564276616218,
erc20,0x580A84C73811E1839F75d86d75d88cCa0c241fF4,0xD592fC5E544600DF0C21d6B40d7d7e5824C1f668,69.521204654318568899,
erc20,0x580A84C73811E1839F75d86d75d88cCa0c241fF4,0x9ab0736cc799C38a02D74cc73537F67C9B55De76,96.983225535958731734,
erc20,0x580A84C73811E1839F75d86d75d88cCa0c241fF4,0x606315589e4d36B5743673C6E40Eb1CEd571128C,112.971957563267674483,
erc20,0x580A84C73811E1839F75d86d75d88cCa0c241fF4,0x194772668B6d800Ba24d3F910bb004Da1a81CC81,27.248989632788690366,
erc20,0x580A84C73811E1839F75d86d75d88cCa0c241fF4,0x32fc89eA9895Bf05E4C5086A7a7a48d622a0CafF,35.991113205020716067,
erc20,0x580A84C73811E1839F75d86d75d88cCa0c241fF4,0x3F3f4e8738313D996a735b91419940DaaEA0C4C7,157.969920571910004025,
erc20,0x580A84C73811E1839F75d86d75d88cCa0c241fF4,0x5279c6792D38F3c8d7d870178EF3cC26C7AB5d1E,36.472648409665613534,
erc20,0x580A84C73811E1839F75d86d75d88cCa0c241fF4,0xD1361Ba088224b9C84804eaC7bC6b12f5De73FF0,27.475036264331500139,
erc20,0x580A84C73811E1839F75d86d75d88cCa0c241fF4,0x89D578F3ccC65F7eF548893c7C46e01BA567760b,1.684792095923970001,
erc20,0x580A84C73811E1839F75d86d75d88cCa0c241fF4,0x83a76D3D563A57B3Ee7689232C3789e64BA71772,1.555559646440316166,
erc20,0x580A84C73811E1839F75d86d75d88cCa0c241fF4,0xEB5513F156d5d896Fe8d1Ba9bfc850d0A38e7f95,0.019495798140364169,
erc20,0x580A84C73811E1839F75d86d75d88cCa0c241fF4,0x8c0ad528b58b83b50206C81AD35631C02478039b,0.138021932450563964,
erc20,0x580A84C73811E1839F75d86d75d88cCa0c241fF4,0xc138BdFFAf1f9003283D33C3E3F35D996ADB1fDe,0.326706603471727042,
erc20,0x580A84C73811E1839F75d86d75d88cCa0c241fF4,0x6e52a3F199B9E2dA6F9bCe4A395CB015a0C737d9,0.438268846411494042,
erc20,0x580A84C73811E1839F75d86d75d88cCa0c241fF4,0x7B0d3e6a5802b93839c0B0a774A44Fb4c789F37B,0.395893200545133696,
erc20,0x580A84C73811E1839F75d86d75d88cCa0c241fF4,0x4Fa2Eb2a8eF0dD308D03Ff0fb5AaB60DC2Fa48Fb,3.342593152426143315,
erc20,0x580A84C73811E1839F75d86d75d88cCa0c241fF4,0xc0eB757415CA14B43B47CBb0b7475306a5188684,0.268941050261871787,
erc20,0x580A84C73811E1839F75d86d75d88cCa0c241fF4,0x36CaD6BEb417DfC9E7FeAFB7B777437526184108,0.107629964243738737,
erc20,0x580A84C73811E1839F75d86d75d88cCa0c241fF4,0xF7dDF710588cCc5fe2885bA837Af7712F0C5Ba84,0.853288715338684108,
erc20,0x580A84C73811E1839F75d86d75d88cCa0c241fF4,0x72e30BD8d69311fAD86dCb8C7EdF46294b432343,0.395198325432486966,
erc20,0x580A84C73811E1839F75d86d75d88cCa0c241fF4,0xC9C17B24A3E97783c018EE20259502341ce09732,2.058674122984683195,
erc20,0x580A84C73811E1839F75d86d75d88cCa0c241fF4,0xaa8A19d6bF655Bfa3C448248ad2482D05BAb6f98,0.705055903471543897,
erc20,0x580A84C73811E1839F75d86d75d88cCa0c241fF4,0x547c0dbd2FC303c8e97475Ec072A58DE60EC134a,8.500583089072613012,
erc20,0x580A84C73811E1839F75d86d75d88cCa0c241fF4,0x6C6B7bd85ef4DD5ce57700Bf2fE7dc9C21aC04fB,0.40620899532190887,
erc20,0x580A84C73811E1839F75d86d75d88cCa0c241fF4,0x2486C40f5cBac257217129d681d5A4412BE7328d,0.830316733214391096,
erc20,0x580A84C73811E1839F75d86d75d88cCa0c241fF4,0x143A6d15999837d02D30F2bEae9204F031AfBF99,0.3092060804952275,
erc20,0x580A84C73811E1839F75d86d75d88cCa0c241fF4,0x4C9929111d9E9f8c399c07D7553a1c96B9830418,0.167999716637109184,
erc20,0x580A84C73811E1839F75d86d75d88cCa0c241fF4,0x036955e921822b666dA7Fb487370f7cbb115906E,0.917082108884520541,
erc20,0x580A84C73811E1839F75d86d75d88cCa0c241fF4,0xD164c9F638104ef65Db58979605767470960917b,0.23162227021412385,
erc20,0x580A84C73811E1839F75d86d75d88cCa0c241fF4,0xfd3a42fa45c8d5cB52aE1E782c972Db94BdB1338,0.376713473483017471,
erc20,0x580A84C73811E1839F75d86d75d88cCa0c241fF4,0xb4D502361a3c6f823EEb9A99Af09E110382206ee,2.030440329093431931,
erc20,0x580A84C73811E1839F75d86d75d88cCa0c241fF4,0x8fCC6548DE7c4A1e5F5c196dE1b62c423E61cdaf,0.467212788283109819,
erc20,0x580A84C73811E1839F75d86d75d88cCa0c241fF4,0xb84848Ce4a46a44f06864B5deCc2fe07b842CF30,7.396922122029828562,
erc20,0x580A84C73811E1839F75d86d75d88cCa0c241fF4,0x9F23007d231f80be8e8946139f06B9fEAaAc4944,0.37377023062648785,
erc20,0x580A84C73811E1839F75d86d75d88cCa0c241fF4,0x4F46c9D3257D95e35A2441dF2FdF293Af13F47D9,10.115082614070723232,
erc20,0x580A84C73811E1839F75d86d75d88cCa0c241fF4,0xCFB7Ab914C8B93391cB5B2Ba95fa7239e1ee2bbc,10.185613023424430898,
erc20,0x580A84C73811E1839F75d86d75d88cCa0c241fF4,0xCb1040FA8350CbB1575C85995D4881d08EF9a5f7,55.144169139055346421,
erc20,0x580A84C73811E1839F75d86d75d88cCa0c241fF4,0xA394A52f4e77f692936819084aC94748AD34BcCb,0.593146373328802093,
erc20,0x580A84C73811E1839F75d86d75d88cCa0c241fF4,0x82f0fAf0be032A18726d5b836D5DAb93ba878421,1.057273341107885117,
erc20,0x580A84C73811E1839F75d86d75d88cCa0c241fF4,0x39e1C6A9517EB4709B4DB48f49C7d8321DA1AF5A,1.432874599579964804,
erc20,0x580A84C73811E1839F75d86d75d88cCa0c241fF4,0x18829e507e072aF3697eD1A33a6d8D53a86f11a9,2.425361174984021236,
erc20,0x580A84C73811E1839F75d86d75d88cCa0c241fF4,0x5255ba61AA23d11859D219771201Fc8A85c8e9e9,0.343747880407939462,
erc20,0x580A84C73811E1839F75d86d75d88cCa0c241fF4,0x71B0C12d13113721D96979C1e47A3e8Ea4C5BE31,4.451177041040692197,
erc20,0x580A84C73811E1839F75d86d75d88cCa0c241fF4,0x7F40f1e5B2B923a1C0D18808ddcCa5Bf3AaDbdcC,2.437605311050191178,
erc20,0x580A84C73811E1839F75d86d75d88cCa0c241fF4,0xA3b54EA52cD7314512d1B046ABcC32a52000cD08,0.093674765313917121,
erc20,0x580A84C73811E1839F75d86d75d88cCa0c241fF4,0x693a0F3d9CA560817823c44b357E05555131B311,4.101518241363662204,
erc20,0x580A84C73811E1839F75d86d75d88cCa0c241fF4,0x672c1ad8964e6171B85D22D9136F688D7C2E9efd,1.121310691879463606,
erc20,0x580A84C73811E1839F75d86d75d88cCa0c241fF4,0x625978324C9A8040003B589715Cb27Cb0A62a7A6,0.127417519129994596,
erc20,0x580A84C73811E1839F75d86d75d88cCa0c241fF4,0x3ee77a937b696eA3BB963A1E4549716Cdfbdc740,0.266217846763715962,
erc20,0x580A84C73811E1839F75d86d75d88cCa0c241fF4,0x929070fEf2D2a242a31A5329CC916Af323Fe92C6,0.093625063723316853,
erc20,0x580A84C73811E1839F75d86d75d88cCa0c241fF4,0x32f8c8b40b62A73D514E8bE0f58074eDBA533937,1.364415587287184682,
erc20,0x580A84C73811E1839F75d86d75d88cCa0c241fF4,0x2BF9c56574c3e97dcCAD154C11Dac6bCEd26c085,0.228274664608319185,
erc20,0x580A84C73811E1839F75d86d75d88cCa0c241fF4,0x962FE14570aE5B81a35120de1585999A75d0B280,0.310271492451837736,
erc20,0x580A84C73811E1839F75d86d75d88cCa0c241fF4,0x1d7D835F46b3e4b6DACFc4431B0ECaf331816761,0.700515098113723548,
erc20,0x580A84C73811E1839F75d86d75d88cCa0c241fF4,0xd956e7142baA2533C7E54A1A2C9Cd22E38273c24,1.383445302335709746,
erc20,0x580A84C73811E1839F75d86d75d88cCa0c241fF4,0xcCE5DA775FF95c4ae988331d94B185Fedd82330A,1.042828968809692612,
erc20,0x580A84C73811E1839F75d86d75d88cCa0c241fF4,0x7712e2Ee9aCd6fE64cC8cFb598cc18B56f778cEe,1.007864563736298164,
erc20,0x580A84C73811E1839F75d86d75d88cCa0c241fF4,0x19e060e59cc33b967710FbbD170c0941D64e0c15,1.213893057063753011,
erc20,0x580A84C73811E1839F75d86d75d88cCa0c241fF4,0x5EB476bFD8C1a9Ba7A9663543a6686193b42600c,0.308360440266852474,
erc20,0x580A84C73811E1839F75d86d75d88cCa0c241fF4,0x6908de602Bf5B69e9B46227957891ED0cEB59Af5,0.168435753296704664,
erc20,0x580A84C73811E1839F75d86d75d88cCa0c241fF4,0x20AB693e8F542FD38eE89f6B719E521f2BC81Ddd,0.638209798919067454,
erc20,0x580A84C73811E1839F75d86d75d88cCa0c241fF4,0xb6bbE5a785F6cfEd3F65F2BA91AD20586B00f7E6,5.300052499434716281,
erc20,0x580A84C73811E1839F75d86d75d88cCa0c241fF4,0x209dbe0C7B3B743010426B9e38095D23a9319341,0.119420906098735053,
erc20,0x580A84C73811E1839F75d86d75d88cCa0c241fF4,0xC0aEf1759A279CED58223F34E0fe6426610B1bEE,0.715493868477622692,
erc20,0x580A84C73811E1839F75d86d75d88cCa0c241fF4,0x8aBc3D7c9547f91EfAb69e2D2283c13039acd27e,0.637746501309793977,
erc20,0x580A84C73811E1839F75d86d75d88cCa0c241fF4,0x1e86218Cf301D95b98DAC9BD8eBFd5A0b0a7D4Ef,8.799968514965875271,
erc20,0x580A84C73811E1839F75d86d75d88cCa0c241fF4,0x91831208EF824bbB986996312F2F0D92Cca7bb90,5.122611723360943197,
erc20,0x580A84C73811E1839F75d86d75d88cCa0c241fF4,0x739e9f7b2726633b7d23823fbd941FeAedD15B3B,1.872520253063473069,
erc20,0x580A84C73811E1839F75d86d75d88cCa0c241fF4,0xfb4Cb518090B5f18f9f8b92e770E40a70Be01372,0.24223630984622086,
erc20,0x580A84C73811E1839F75d86d75d88cCa0c241fF4,0x04b917bFf85F5400e87866111A3E46B4ED82e40D,6.35584953406339952,
erc20,0x580A84C73811E1839F75d86d75d88cCa0c241fF4,0xDB222fC06c365c2e3b1d05659Ef3EF1F1c8B3679,0.297172627084580098,
erc20,0x580A84C73811E1839F75d86d75d88cCa0c241fF4,0xf5F2eb90fBCB3f97D93B06bEdc6EAd3CB1e6f5A6,3.662628249890094339,
erc20,0x580A84C73811E1839F75d86d75d88cCa0c241fF4,0x2F142a3d0fd2cD85b4E9f4d59A7E07e8E96b07dd,23.592015035617607377,
erc20,0x580A84C73811E1839F75d86d75d88cCa0c241fF4,0x6f7788CC24b66b69058f1773ddb20327fF551465,0.33780852623615577,
erc20,0x580A84C73811E1839F75d86d75d88cCa0c241fF4,0x2B465eea32711AcE6D22cF5E6CE13c6D6e1587C0,0.577753222268805959,
erc20,0x580A84C73811E1839F75d86d75d88cCa0c241fF4,0xB7aFaC3F551fa6ebC2Ef896C41EcFb18E35F1B01,0.223345246612027715,
erc20,0x580A84C73811E1839F75d86d75d88cCa0c241fF4,0x97945356AcB19a96B4B88cf870AA78EC2c712F99,0.787022892828836414,
erc20,0x580A84C73811E1839F75d86d75d88cCa0c241fF4,0x5078c825e2F8A4408A6525d9DEdf64618F149710,0.287491785761975282,
erc20,0x580A84C73811E1839F75d86d75d88cCa0c241fF4,0x08dB7726f501D369a5499ae33756C1Bbe3bd3Cc6,1.055266733275144019,
erc20,0x580A84C73811E1839F75d86d75d88cCa0c241fF4,0x0bff2b6817f613147877ED2BC2C4d1Fc7106de80,1.696036576193410994,
erc20,0x580A84C73811E1839F75d86d75d88cCa0c241fF4,0x6fEe095651Ca4f85D282e5b647730b6a53fD9c13,0.338980136507917637,
erc20,0x580A84C73811E1839F75d86d75d88cCa0c241fF4,0x604115C5E484FD8ADfd79123817e48257c96a925,0.118510412019127944,
erc20,0x580A84C73811E1839F75d86d75d88cCa0c241fF4,0x048fef9Dd5b02ad15B80fA848397dc063ED56eb2,0.969365227086187619,
erc20,0x580A84C73811E1839F75d86d75d88cCa0c241fF4,0xF54613465819599eE946A6a967D4ea529e18aE07,79.426174008128674066,
erc20,0x580A84C73811E1839F75d86d75d88cCa0c241fF4,0x7c5E3Ad4B487e73301E0FA279B262B39Ad4ec60E,0.112131069187946334,
erc20,0x580A84C73811E1839F75d86d75d88cCa0c241fF4,0x0694356524F17a18A0Ac3e1d8e767eeEBd8A4ad9,0.53925898839854409,
erc20,0x580A84C73811E1839F75d86d75d88cCa0c241fF4,0x14aAFE3b58203eDC571c005e195429A8692Eb554,0.393603814205206447,
erc20,0x580A84C73811E1839F75d86d75d88cCa0c241fF4,0x3C0AfA5Ae44d58AC62df41A72Bc296DB99c64F8b,0.116822359389042202,
erc20,0x580A84C73811E1839F75d86d75d88cCa0c241fF4,0xb4FFd9b783A71B7CB1790D02E8F744cC32dc9C1f,1.658605398405039932,
erc20,0x580A84C73811E1839F75d86d75d88cCa0c241fF4,0xbC12250dcaC4b4179C64F4374529D8e216A430b6,0.60074676861096448,
erc20,0x580A84C73811E1839F75d86d75d88cCa0c241fF4,0xc545c582F18955C20ef61535910C75036b22DD0A,1.465949586286478637,
erc20,0x580A84C73811E1839F75d86d75d88cCa0c241fF4,0x31426Feb31a80bDf5EBf7150DdB1e437a3d2346f,0.264414531628241042,
erc20,0x580A84C73811E1839F75d86d75d88cCa0c241fF4,0x4B7ca93376d4Cf1cABa704f3C085EA7E7f7eD7ca,1.078857226642018713,
erc20,0x580A84C73811E1839F75d86d75d88cCa0c241fF4,0xBFa6190743b1179e674508585dE4552aF3d87d02,0.687474397588235927,
erc20,0x580A84C73811E1839F75d86d75d88cCa0c241fF4,0x12930c020b9EEf2D16f6f22Ac5bd65cb672b493c,0.184946133809036091,
erc20,0x580A84C73811E1839F75d86d75d88cCa0c241fF4,0xDB08aE8DeF37BD8FfC3001F4D6C1E63AFD4BBe1A,0.180743962961888004,
erc20,0x580A84C73811E1839F75d86d75d88cCa0c241fF4,0x9b5e1A606C6e0f3916c7c39985634D0472A953cC,1.097950052465308114,
erc20,0x580A84C73811E1839F75d86d75d88cCa0c241fF4,0x226E9dA4B9C4DCbda571B5a01646C55AE0b5a52a,5.699126199403114103,
erc20,0x580A84C73811E1839F75d86d75d88cCa0c241fF4,0x238199A3A1Fd126774DFEf541E0FA7EB7FfEBA4E,7.99263561628879367,
erc20,0x580A84C73811E1839F75d86d75d88cCa0c241fF4,0x4E7D889700fC76057872b89AACB11083b8F939c7,2.592210693337306039,
erc20,0x580A84C73811E1839F75d86d75d88cCa0c241fF4,0x4f13fB0DD3d43a4511c1c6Ef49569287ee968aE5,1.531205133665072504,
erc20,0x580A84C73811E1839F75d86d75d88cCa0c241fF4,0xc30Bd79d8a637D301d676480902BDdbfe08582f3,14.34205500954306662,
erc20,0x580A84C73811E1839F75d86d75d88cCa0c241fF4,0x7a1a6DDb2A0Dda63AA7Fe91Ba17c600F329433c3,3.401309098701039659,
erc20,0x580A84C73811E1839F75d86d75d88cCa0c241fF4,0x991333C1644254E42f7AAe84079ee70740674c62,0.140163836484932926,
erc20,0x580A84C73811E1839F75d86d75d88cCa0c241fF4,0xbbc2d6eb946618a236af4663063c3F8912BFdF2c,0.095317391837748564,
erc20,0x580A84C73811E1839F75d86d75d88cCa0c241fF4,0x3cEE862362d0661E52f199347e12a7a5c79A2490,0.280327672969865878,
erc20,0x580A84C73811E1839F75d86d75d88cCa0c241fF4,0x1756e5294953BEA2D51e75F492a8c8D98e71E4b2,2.680716183405723669,
erc20,0x580A84C73811E1839F75d86d75d88cCa0c241fF4,0x185148BA7424c26dd5dE5305484ACB028098d0B8,3.270489517981768901,
erc20,0x580A84C73811E1839F75d86d75d88cCa0c241fF4,0xe7E9C7B859eF5dDFA0cD5d4B325A4a0DbB87d9e8,0.271937975862714488,
erc20,0x580A84C73811E1839F75d86d75d88cCa0c241fF4,0xEda18bBf6D77A93ba70fEE0d2f317bdd23032770,0.19078161785085621,
erc20,0x580A84C73811E1839F75d86d75d88cCa0c241fF4,0x480a1309F9Bcc435Be85998f54db2D440b1A892F,5.867448378499240251,
erc20,0x580A84C73811E1839F75d86d75d88cCa0c241fF4,0x93614117cC5655873967783b184C93cd7AD74bB3,0.099423580957586737,
erc20,0x580A84C73811E1839F75d86d75d88cCa0c241fF4,0x27DD218Ab447484bC945bC477bdE23E16a5483DA,0.091878678372814652,
erc20,0x580A84C73811E1839F75d86d75d88cCa0c241fF4,0x3e9307758abbB19a8149D86B7D1aEE7b24355489,0.0061152292916853,
erc20,0x580A84C73811E1839F75d86d75d88cCa0c241fF4,0x717F4308208827BC51982Df8F8fB28e49CD6D540,0.039400955619246501,
erc20,0x580A84C73811E1839F75d86d75d88cCa0c241fF4,0xe86De10178acAe5c4bd5bce79e5e6a28AeB0C6e2,0.084529195078447514,
erc20,0x580A84C73811E1839F75d86d75d88cCa0c241fF4,0x0a37d4a450093880BB0eFC5F5DF18A8953b18cC8,0.002675332050648624,
erc20,0x580A84C73811E1839F75d86d75d88cCa0c241fF4,0x69bAb6810fa99475854bca0A3DD72aE6a0728ECE,0.001280624931712178,
erc20,0x580A84C73811E1839F75d86d75d88cCa0c241fF4,0xF882C6d3ba1861Ae1173048794bBaF120FF97DbF,461.658318255504481682,
erc20,0x580A84C73811E1839F75d86d75d88cCa0c241fF4,0x0839f5C6cd90FdF95de496d0196C1e6016954c94,325.217201557039311488,
erc20,0x580A84C73811E1839F75d86d75d88cCa0c241fF4,0xc5b67fA1a911af92D71Ffe222FBc5AB4D0daCb42,17167.594554554256592654,
erc20,0x580A84C73811E1839F75d86d75d88cCa0c241fF4,0xB6f2946E527f8842BE338B6e08E2e77c1Da3b968,556.035233711614587348,
erc20,0x580A84C73811E1839F75d86d75d88cCa0c241fF4,0xdf631777df4DebcBcd647e85bdcB868b43663BA0,729.60859560394880337,
erc20,0x580A84C73811E1839F75d86d75d88cCa0c241fF4,0x8FE02545E479Aa8bA77D84E51b1D9Ca17B88011A,64.277164166643101328,
erc20,0x580A84C73811E1839F75d86d75d88cCa0c241fF4,0xdA0F18EFb51C9A639d37b0Dc46ce719Db18A33e1,6.895499751502352759,
erc20,0x580A84C73811E1839F75d86d75d88cCa0c241fF4,0x9D1868154dc084a9C9A9FC572935Dc6B9Ab8CdcC,0.247837154293952638,
erc20,0x580A84C73811E1839F75d86d75d88cCa0c241fF4,0x6DF17656a08553DE3387067B4606Df5c00E24fF4,5.782225819856711615,
erc20,0x580A84C73811E1839F75d86d75d88cCa0c241fF4,0x0BF2f334cb7B2f4Ec5737Fdb735a9e42e0F97F33,1.694866251861138412,
erc20,0x580A84C73811E1839F75d86d75d88cCa0c241fF4,0x6056dBCb53089fdafb0d1dcf5c5b7Fe6b5fA1aeB,0.079985890865549641,
erc20,0x580A84C73811E1839F75d86d75d88cCa0c241fF4,0xB1E458e669807776081C8BC887eBde431B5E8344,0.054954747594864849,
erc20,0x580A84C73811E1839F75d86d75d88cCa0c241fF4,0x364725463cf117926C43AfBd97927a5a8D622C7F,0.244773273555466418,
erc20,0x580A84C73811E1839F75d86d75d88cCa0c241fF4,0xF9eBE622b1F4A5857598C36c81D0caf5bD396715,1.585009768338865407,
erc20,0x580A84C73811E1839F75d86d75d88cCa0c241fF4,0x8eA8fb00D5F478C7f8ea9a5496794577D5079270,0.048612635207254463,
erc20,0x580A84C73811E1839F75d86d75d88cCa0c241fF4,0xd373C4a3397bCfC8C6677B58d58D63b7a873e2d8,3.831143864842948104,
erc20,0x580A84C73811E1839F75d86d75d88cCa0c241fF4,0x3E1c7EE5450B079241Ca4c18f2a793Be2870E356,0.087431871619767622,
erc20,0x580A84C73811E1839F75d86d75d88cCa0c241fF4,0x1892b15CECe1471494AF00e7552693f3fAcc8eC8,1.383988130703178751,
erc20,0x580A84C73811E1839F75d86d75d88cCa0c241fF4,0x3c6DfB5D608c4849d289d81d8bfcCBD48d86d0a8,1.504800989050081788,
erc20,0x580A84C73811E1839F75d86d75d88cCa0c241fF4,0xdc86aA40D05abBD0EB76ad1ec6FeC418F7Fd8Be2,25.160410463123193156,
erc20,0x580A84C73811E1839F75d86d75d88cCa0c241fF4,0xcda58658267ffC3c13F4E8c1Cb5B7765386EC7EF,0.624959159186677536,
erc20,0x580A84C73811E1839F75d86d75d88cCa0c241fF4,0x6Ca0D65fe5c8700a5cc7A2C3bfE801111A1dEd1a,0.047942990162046216,
erc20,0x580A84C73811E1839F75d86d75d88cCa0c241fF4,0x268e61E38dA749e2580e5d52b14C92802C799b6C,0.051646186405865065,
erc20,0x580A84C73811E1839F75d86d75d88cCa0c241fF4,0x22997187Fe9c999E645Dc2785ca2C63e99c5d3fd,0.292613366675230773,
erc20,0x580A84C73811E1839F75d86d75d88cCa0c241fF4,0x88b9126c3F6EB31e1e27E86D92287013c3f813F8,0.424112965053481752,
erc20,0x580A84C73811E1839F75d86d75d88cCa0c241fF4,0xBd879277EAD22771AcDD35f13243b8bDFD54BB9b,1.486075922727574139,
erc20,0x580A84C73811E1839F75d86d75d88cCa0c241fF4,0xB6a312b525DE98cBd6C73a63e46a1E9aCb835c64,0.977081587163932782,
erc20,0x580A84C73811E1839F75d86d75d88cCa0c241fF4,0x60959Ed8307EE2b0d04306f6b319AEeE8864f1Ee,0.544612148100944362,
erc20,0x580A84C73811E1839F75d86d75d88cCa0c241fF4,0x4d3b32abD5C3c6Bec64Fcb470E996fE843cF15D7,0.254811229544692267,
erc20,0x580A84C73811E1839F75d86d75d88cCa0c241fF4,0x79bFECe457aFbA340E9DA6bE53e7d634574b2365,1.358124533036894799,
erc20,0x580A84C73811E1839F75d86d75d88cCa0c241fF4,0xB5B7ecd3D1a70E5BCF91E3a1C28354cE16055B0F,0.129236059522340167,
erc20,0x580A84C73811E1839F75d86d75d88cCa0c241fF4,0xf46b911AD30b0eA71c53C68eB823f75155D39840,0.040510529339378711,
erc20,0x580A84C73811E1839F75d86d75d88cCa0c241fF4,0x1BE9F11943eB74F7EA83C3bc4e5Fbb4838A51D17,0.238022571438115289,
erc20,0x580A84C73811E1839F75d86d75d88cCa0c241fF4,0x0BaF9C36d1EcF758DddF89b39283f8180ad74e99,0.786233788454475411,
erc20,0x580A84C73811E1839F75d86d75d88cCa0c241fF4,0x4d3f684b8e08d6f36619De58Bd9523108459de3D,0.093731137662610316,
erc20,0x580A84C73811E1839F75d86d75d88cCa0c241fF4,0x64DD6260146f33b57Dcbf2d3f1AC9B4474148f23,7.845413014470802667,
erc20,0x580A84C73811E1839F75d86d75d88cCa0c241fF4,0xfB557263280B0B270a0031400D45eB722F7fE232,0.339025086957661186,
erc20,0x580A84C73811E1839F75d86d75d88cCa0c241fF4,0x4b11AAab5614FC10510bf92dD3E9e1019A846075,0.970798765358308951,
erc20,0x580A84C73811E1839F75d86d75d88cCa0c241fF4,0xF5647bEaBA520C2BD06eD77212E22aF093FE70E3,0.256877885697893849,
erc20,0x580A84C73811E1839F75d86d75d88cCa0c241fF4,0x93ed0a2c363478B23A6F009769F60205349203CC,0.404795040864755691,
erc20,0x580A84C73811E1839F75d86d75d88cCa0c241fF4,0xeBa1db3E9B6384df08dE527300FfB904A38EF60e,0.081747728964227355,
erc20,0x580A84C73811E1839F75d86d75d88cCa0c241fF4,0x70E4aA6EDc60F01215E7826Bd621a9192bA8e3E6,0.161785110933682741,
erc20,0x580A84C73811E1839F75d86d75d88cCa0c241fF4,0xF2a7594190D0A719F43bB79F90A45414282E0261,21.520998693017076128,
erc20,0x580A84C73811E1839F75d86d75d88cCa0c241fF4,0x3F709c56C05aA1Bb57eb69D5290abeC18426BdEf,0.120880680795488447,
erc20,0x580A84C73811E1839F75d86d75d88cCa0c241fF4,0x9e99A33c42d85A3B284924e22d5FdD3Aa07d7B72,0.083110594055168849,
erc20,0x580A84C73811E1839F75d86d75d88cCa0c241fF4,0x510E824A2509694ECB881d38de13a02C78b56cdd,0.506381616742234262,
erc20,0x580A84C73811E1839F75d86d75d88cCa0c241fF4,0x5074c7436700533DE2AfFA92E70497c2cE90A7cf,0.19653406159329296,
erc20,0x580A84C73811E1839F75d86d75d88cCa0c241fF4,0xE88CDe4B7157b40b8980A455d9AB2CB7cf8ad326,1.154806631973601423,
erc20,0x580A84C73811E1839F75d86d75d88cCa0c241fF4,0x4158262ec794E00D80a60000EDAb2262369f4625,4.298317580682842847,
erc20,0x580A84C73811E1839F75d86d75d88cCa0c241fF4,0xc4E3Daf468444fC26362016FE748D68a324203cf,3.143222127769074515,
erc20,0x580A84C73811E1839F75d86d75d88cCa0c241fF4,0xdC421f6599E483E98C460694Bb5B04bfB42FfDdb,10.172565938041304849,
erc20,0x580A84C73811E1839F75d86d75d88cCa0c241fF4,0x9Dd897df19FfC27d6685E98Accc394f88a73e475,1.081737415542077169,
erc20,0x580A84C73811E1839F75d86d75d88cCa0c241fF4,0x6A55fa2f0E05040d8Ac50Cc501364a2b3FDFd03c,0.443167660627657632,
erc20,0x580A84C73811E1839F75d86d75d88cCa0c241fF4,0xBBd98Aa93942ea47f99E071346f7C17f287aE441,0.154314108448120787,
erc20,0x580A84C73811E1839F75d86d75d88cCa0c241fF4,0x4a761B7e6AaA465112f8D6f3e1fdBdF291439F18,0.194222628431358865,
erc20,0x580A84C73811E1839F75d86d75d88cCa0c241fF4,0x6c2693F5a936f37eD03CfA8465bF2D8BEFf19A0f,0.591981576569880883,
erc20,0x580A84C73811E1839F75d86d75d88cCa0c241fF4,0xc32387641D917D4ca457b0f2b1756eA2e0C2089f,0.051727964477814805,
erc20,0x580A84C73811E1839F75d86d75d88cCa0c241fF4,0x0BadB8176949ADD8582BEBfcb73777f2B02dA671,2.140164186444466358,
erc20,0x580A84C73811E1839F75d86d75d88cCa0c241fF4,0x86341e73d9Deb4696B1Ae50DBCe8F2D62FA06023,0.442317419287331613,
erc20,0x580A84C73811E1839F75d86d75d88cCa0c241fF4,0xC95A4d4078b12572d1Dc4c85eB268E77b1805E83,0.584221089599986124,
erc20,0x580A84C73811E1839F75d86d75d88cCa0c241fF4,0xa9b88D39575fFcF1bbf14AeA23C7810b8f502E08,9.40368986243781088,
erc20,0x580A84C73811E1839F75d86d75d88cCa0c241fF4,0x59F621BEf618D833d710b5e8608Df05f287B0d71,0.052638451994392644,
erc20,0x580A84C73811E1839F75d86d75d88cCa0c241fF4,0xdBF0E7031f729bd39956CdAC3C99a9445DF0757a,0.181261821149175496,
erc20,0x580A84C73811E1839F75d86d75d88cCa0c241fF4,0x243D955C68a09D69DeD62d1b98808c9CEba2C6Eb,28.581396044291439647,
erc20,0x580A84C73811E1839F75d86d75d88cCa0c241fF4,0xf770B9392577C4cEB5555b513ab8149aD07FAfc7,17.907610052257139788,
erc20,0x580A84C73811E1839F75d86d75d88cCa0c241fF4,0xD70d49b97CD281cBce3824961decD38245FC3Ad0,0.392745126417087297,
erc20,0x580A84C73811E1839F75d86d75d88cCa0c241fF4,0x8c9d2E3f2FDBEd7a183b02246F277881694075E1,0.32585879378623482,
erc20,0x580A84C73811E1839F75d86d75d88cCa0c241fF4,0x6aea07a1845D32C4b3a50ED0852902B0dcA02651,0.676581465762110794,
erc20,0x580A84C73811E1839F75d86d75d88cCa0c241fF4,0x721675cc9129bF75935DE33Fd749f49f7e45b046,0.196031257175165606,
erc20,0x580A84C73811E1839F75d86d75d88cCa0c241fF4,0x9786bA61E3b01705D1Ca6d3949f9f8DaD30f23Cf,0.343956423815111769,
erc20,0x580A84C73811E1839F75d86d75d88cCa0c241fF4,0xA3B5f945f1D3aA15D638825BE00BbB86af599F23,0.1215315880181362,
erc20,0x580A84C73811E1839F75d86d75d88cCa0c241fF4,0xA4ab45eD961A0e6171bc91B04e895b1c3272f393,0.457388768151667609,
erc20,0x580A84C73811E1839F75d86d75d88cCa0c241fF4,0xE67D62c2C255bCB81b5b5758cC1A6de997eD7321,1.95860055747000458,
erc20,0x580A84C73811E1839F75d86d75d88cCa0c241fF4,0x2b1E65441cbBcFB1B91D987e63642911991F2AFa,0.232306813680257839,
erc20,0x580A84C73811E1839F75d86d75d88cCa0c241fF4,0x9363080072da9510A469896E438A999a2C1Ca1f7,2.963566804564049839,
erc20,0x580A84C73811E1839F75d86d75d88cCa0c241fF4,0x965cb27052649f4Be3750192FAA05689b7Ed397A,0.212960410982845273,
erc20,0x580A84C73811E1839F75d86d75d88cCa0c241fF4,0xB89dD038b8F64d81e1B848353ac9177ec1Aeefc5,0.668423734099749235,
erc20,0x580A84C73811E1839F75d86d75d88cCa0c241fF4,0xA0c022b8A2627c350d09074b343754D56064C0fa,0.607657940090681121,
erc20,0x580A84C73811E1839F75d86d75d88cCa0c241fF4,0xB3f92e735bc6A162b6e51DeE88bb37641651B755,11.388994806689618623,
erc20,0x580A84C73811E1839F75d86d75d88cCa0c241fF4,0x7E1943fA561a282E6f4A762903BC232D1C6179A1,0.052663688141192343,
erc20,0x580A84C73811E1839F75d86d75d88cCa0c241fF4,0xAF817C61Ce90653B90e4795Fd40Ff66AEa089163,0.14420504775905664,
erc20,0x580A84C73811E1839F75d86d75d88cCa0c241fF4,0x46B1CF93ae494E3f8573A869348bDd5154537a81,0.405105293393787403,
erc20,0x580A84C73811E1839F75d86d75d88cCa0c241fF4,0x9B574c32EE6bFe08D8c6E315E0A3f88b2E6A9215,3.730752962359193208,
erc20,0x580A84C73811E1839F75d86d75d88cCa0c241fF4,0x626924B59A246EfDb551e56AB61C547485Ce38fc,0.0506381616742234,
erc20,0x580A84C73811E1839F75d86d75d88cCa0c241fF4,0x65dEc301068dC3D46359118d56d926CE820d02ba,8.096552619687860338,
erc20,0x580A84C73811E1839F75d86d75d88cCa0c241fF4,0x88557c0C235ac3Be6039fe4A00317e2ABD906b3B,1.800839647337881281,
erc20,0x580A84C73811E1839F75d86d75d88cCa0c241fF4,0x0817b40aF69F96B0928042c8E5541b9A44d7C3CB,0.497130649141219027,
erc20,0x580A84C73811E1839F75d86d75d88cCa0c241fF4,0x64BB8d764FbC9343493E508D7Acac257498ce3E7,0.066043637500163512,
erc20,0x580A84C73811E1839F75d86d75d88cCa0c241fF4,0x1E79ae5Db7c7Ff66a5fa86E0003483a1703Dfea7,1.620421173575149699,
erc20,0x580A84C73811E1839F75d86d75d88cCa0c241fF4,0x920444C6CA578817341C4b799B72fcBb38c18282,0.484634485992710616,
erc20,0x580A84C73811E1839F75d86d75d88cCa0c241fF4,0xbB0762c28B09d32B6383eF4f3e8D67d19bd88dCc,0.506381616742234262,
erc20,0x580A84C73811E1839F75d86d75d88cCa0c241fF4,0xb36838C2319221cE44f205642540b9a37694F042,0.044205508299608318,
erc20,0x580A84C73811E1839F75d86d75d88cCa0c241fF4,0x44FA366793eBeE8ec51Cb4c8A219ebD69c4237d5,11.536753249977007227,
erc20,0x580A84C73811E1839F75d86d75d88cCa0c241fF4,0x0536875720bB7Cf9fe9a93CaAE834Ff281BEaF7C,42.523898540017124882,
erc20,0x580A84C73811E1839F75d86d75d88cCa0c241fF4,0x89A8487860965D053bBDDECeFf17F43dB2bb696a,1.416896148389170255,
erc20,0x580A84C73811E1839F75d86d75d88cCa0c241fF4,0x874F1e59CA77951378F883DaC72ACf3c22BeEB09,0.063130068554008203,
erc20,0x580A84C73811E1839F75d86d75d88cCa0c241fF4,0x0D16F4Ef3FF6616484d8b3543A6bb015623aCb35,1.674161358236787724,
erc20,0x580A84C73811E1839F75d86d75d88cCa0c241fF4,0x97495531A4073953c39e61a09Cc5B4eD69Da1F2B,0.699661671888781943,
erc20,0x580A84C73811E1839F75d86d75d88cCa0c241fF4,0x7b1F2D3E670A13eC4BDae7fA8696D7EEb5781899,0.288933357304493927,
erc20,0x580A84C73811E1839F75d86d75d88cCa0c241fF4,0xCAE1B304a284c700D93c861Ceebce054d837dbf3,53.983052738083687133,
erc20,0x580A84C73811E1839F75d86d75d88cCa0c241fF4,0xB711f182d3E607096A4Dc5960A7c09B1A9697D36,0.059486597542387373,
erc20,0x580A84C73811E1839F75d86d75d88cCa0c241fF4,0x7FE972EE18FeB788b64bAB62E5811Fd985EDAe0B,13.027661837645227762,
erc20,0x580A84C73811E1839F75d86d75d88cCa0c241fF4,0x7Cc1A622FeCead4a1c9939031A262858BBcAB0ed,1.135393219071030908,
erc20,0x580A84C73811E1839F75d86d75d88cCa0c241fF4,0xD4E8A869B1f41fc899551d59De055C6A2FEeA415,0.552160401644527219,
erc20,0x580A84C73811E1839F75d86d75d88cCa0c241fF4,0x612EBC9b9d1B18ccd5d2cDC1ED1B4c13547B9546,0.540045427267468373,
erc20,0x580A84C73811E1839F75d86d75d88cCa0c241fF4,0xBd0E5Ef14ef7Ae520460361b2b4c7c73389B733c,1.459840228031602844,
erc20,0x580A84C73811E1839F75d86d75d88cCa0c241fF4,0x70Ee310574D7B59B245cE96594DDD0cC8e2106d3,0.17094363509226467,
erc20,0x580A84C73811E1839F75d86d75d88cCa0c241fF4,0xD9A98e6bdE92b8C5f7329906f1692272C6591A90,1.34889990234595086,
erc20,0x580A84C73811E1839F75d86d75d88cCa0c241fF4,0xBBeefC36f1947609476097fEB4389e1C89293F4f,0.753612307484264897,
erc20,0x580A84C73811E1839F75d86d75d88cCa0c241fF4,0xE49f9C282fE9C9BEc52905Cf11fBB93a59568Fd9,0.937829944290401492,
erc20,0x580A84C73811E1839F75d86d75d88cCa0c241fF4,0x2C9139D5eC9206Bd779A71ecdB927C8cD42E9639,0.304932442700797376,
erc20,0x580A84C73811E1839F75d86d75d88cCa0c241fF4,0x1058AB3879548Adfa8272Cc589005957e0Fa3011,0.060708529584079419,
erc20,0x580A84C73811E1839F75d86d75d88cCa0c241fF4,0xdA26524869D92d18d756f29127a8c3d0B7fa2c53,0.096532151657256555,
erc20,0x580A84C73811E1839F75d86d75d88cCa0c241fF4,0xea6356fA6c70914Fac634DA0Fdf236cCcb2e3416,0.942561149278800242,
erc20,0x580A84C73811E1839F75d86d75d88cCa0c241fF4,0x8243e5d422512C6fb9BEaa7143ED2554D86C6E84,0.045574345506801055,
erc20,0x580A84C73811E1839F75d86d75d88cCa0c241fF4,0xdC5189F2414158C600a3f932d12E32a70d6437cB,0.591072762649283889,
erc20,0x580A84C73811E1839F75d86d75d88cCa0c241fF4,0xa92a34360ff605a7012e946e148B86CF0923eAB2,2.025526466968937133,
erc20,0x580A84C73811E1839F75d86d75d88cCa0c241fF4,0x156028f520809Ee40318EC5BF0ABAEBed5f14279,0.557929654248535974,
erc20,0x580A84C73811E1839F75d86d75d88cCa0c241fF4,0x8f6f5CCAD7a126c14a39D4b0251d06CEA2B856a4,1.168321793802062161,
erc20,0x580A84C73811E1839F75d86d75d88cCa0c241fF4,0x3DcDF8dD1cF3E97Bea639B79D7a9E3c4ecA511ef,0.243063176036272429,
erc20,0x580A84C73811E1839F75d86d75d88cCa0c241fF4,0x50Db7Efacf9C48Ca1Da8C1250505F3C0D5f34515,0.04051838048866718,
erc20,0x580A84C73811E1839F75d86d75d88cCa0c241fF4,0x39E0382362e2B27Ac6f564ef5b109EEA62BA97fB,0.180049399434921256,
erc20,0x580A84C73811E1839F75d86d75d88cCa0c241fF4,0xbaFdA6BFe4286F1e4dC57A4800c41123e4D8A148,0.151716908803814404,
erc20,0x580A84C73811E1839F75d86d75d88cCa0c241fF4,0x50D8588C8393b5507699783bd314444E42F6025C,0.043234274418221124,
erc20,0x580A84C73811E1839F75d86d75d88cCa0c241fF4,0x2A866958c36098C5B6856C72527e5522cBF6C318,2.830900484761300167,
erc20,0x580A84C73811E1839F75d86d75d88cCa0c241fF4,0x65680168a7d29735440404Cc91586CFB1D1F943A,11.255694967232625206,
erc20,0x580A84C73811E1839F75d86d75d88cCa0c241fF4,0xEF511dD9880910163096eB0Dd6408fD59d3fc030,0.613972638786112979,
erc20,0x580A84C73811E1839F75d86d75d88cCa0c241fF4,0x2617eD2BA04d6000131373Ae360A113A7EaC29de,0.048612635207254463,
erc20,0x580A84C73811E1839F75d86d75d88cCa0c241fF4,0xE2E26BAc2ff37A7aE219EcEF74C5A1Bf95d5f854,1.645740254412261415,
erc20,0x580A84C73811E1839F75d86d75d88cCa0c241fF4,0xF150b338887Af61C659a0e92eFF240f8672d4D21,0.283848304767757688,
erc20,0x580A84C73811E1839F75d86d75d88cCa0c241fF4,0x15366a22Ea4D31265c5F86E7C26Fb6259Bc9CA77,0.201445219651570525,
erc20,0x580A84C73811E1839F75d86d75d88cCa0c241fF4,0xe258Ae3539df97b115BA0Ea962544C1C3827a12a,0.184287668407180597,
erc20,0x580A84C73811E1839F75d86d75d88cCa0c241fF4,0xAD2AF5071AEDE2C160338FfFAd6655c1e2aED715,0.789800820201201061,
erc20,0x580A84C73811E1839F75d86d75d88cCa0c241fF4,0x96f249bCF74B349dB4B41fc192d25FE84b4520c1,0.056714741075130214,
erc20,0x580A84C73811E1839F75d86d75d88cCa0c241fF4,0xd94D264ad5E700A89f36d7Df201f1C8630a0454e,20.776474653605358949,
erc20,0x580A84C73811E1839F75d86d75d88cCa0c241fF4,0xbd90b8473E8AA95f850cd607dE250F62eDbc5783,1.409093618616245898,
erc20,0x580A84C73811E1839F75d86d75d88cCa0c241fF4,0x5b53264d0123e113AB8AD5B1d1a11b890908C980,16.204211735751497279,
erc20,0x580A84C73811E1839F75d86d75d88cCa0c241fF4,0x19BB2181f92D9611d2dA2bE5836ba053243c4641,0.049625398440738926,
erc20,0x580A84C73811E1839F75d86d75d88cCa0c241fF4,0xe01880e4FA13901d2e9f7fA4AeE6c593dfb440A2,0.069708214281722204,
erc20,0x580A84C73811E1839F75d86d75d88cCa0c241fF4,0x5e6E363eED7f6765A2165fAA46cd53b3ab3E000f,0.647865088881115087,
erc20,0x580A84C73811E1839F75d86d75d88cCa0c241fF4,0xEbc8E02199c017deB5bE8875d7C4a38f33F15Dc1,0.725742593837513834,
erc20,0x580A84C73811E1839F75d86d75d88cCa0c241fF4,0x2642A908D36Efd5159828c31e142A21C5CD10514,0.157530852498281802,
erc20,0x580A84C73811E1839F75d86d75d88cCa0c241fF4,0x3d7ac3F7C3a11db55838315D9dE9229Feb5CC2Af,0.325074196424877035,
erc20,0x580A84C73811E1839F75d86d75d88cCa0c241fF4,0xfcC4ACfa9900c15918901d1F9024FE3746b767B9,1.82297382027204342,
erc20,0x580A84C73811E1839F75d86d75d88cCa0c241fF4,0xb063608c9eB40C21bEaBe18B214714E0A8f28CED,0.051293082806715144,
erc20,0x580A84C73811E1839F75d86d75d88cCa0c241fF4,0x89e075686A0377D0AEeb202f79067a590cE4f555,0.425630822393889895,
erc20,0x580A84C73811E1839F75d86d75d88cCa0c241fF4,0x9dDb702E9cCE34067ab28E3C73E2E75F4D7442e3,6.916480690086499163,
erc20,0x580A84C73811E1839F75d86d75d88cCa0c241fF4,0x9866A4cbb3421FFF83F18A046AF9d49678D4Db59,0.07434036900975038,
erc20,0x580A84C73811E1839F75d86d75d88cCa0c241fF4,0xAE21C4eCB9589211a3D2BcF99BAB702AF04114cd,0.830100039585622794,
erc20,0x580A84C73811E1839F75d86d75d88cCa0c241fF4,0xfa4a45D755eA1c2b72Dd581b3E05dde3bFc13fad,1.603948871481911089,
erc20,0x580A84C73811E1839F75d86d75d88cCa0c241fF4,0x1C3c250d1f3F7EcEDb3d00A6dbe3CED36899Be2C,0.4633918602801955,
erc20,0x580A84C73811E1839F75d86d75d88cCa0c241fF4,0x9667FB9fce99ce1D0e6604CD518aEd31796c771e,0.72918952810881735,
erc20,0x580A84C73811E1839F75d86d75d88cCa0c241fF4,0xbb46dA9D14Ee7aEaddd8EE7Cb2a6E7f83a85B0DC,0.048612635207254463,
erc20,0x580A84C73811E1839F75d86d75d88cCa0c241fF4,0x167F897440cfD5227F22349779841F83DdDA126a,0.30764854857505879,
erc20,0x580A84C73811E1839F75d86d75d88cCa0c241fF4,0x37C7F3F6472A5458c20b0E67F1cC59f83eb4F2Ad,0.040510529339378711,
erc20,0x580A84C73811E1839F75d86d75d88cCa0c241fF4,0xB3D88863240DBEc830e989E6333cD3F98B25e46F,13.562215777498181502,
erc20,0x580A84C73811E1839F75d86d75d88cCa0c241fF4,0xf4cCf1727F9035A57cf5F02528Bad401341b7f60,0.834904860108811086,
erc20,0x580A84C73811E1839F75d86d75d88cCa0c241fF4,0xA2EcCFfF7B9A7E0110776e62dE964469ED153c83,0.489379308097072133,
erc20,0x580A84C73811E1839F75d86d75d88cCa0c241fF4,0x2010AD25Fee2f8f47E8B5BE12759ACA012D8161f,0.648606255710539783,
erc20,0x580A84C73811E1839F75d86d75d88cCa0c241fF4,0x8A03F11bc8D1571E89453587Feebc5FE227aFe28,1.290762604581207528,
erc20,0x580A84C73811E1839F75d86d75d88cCa0c241fF4,0x7626F002AAbC4bBd96505FF9537dB75c82Dd07DC,0.187694282534341193,
erc20,0x580A84C73811E1839F75d86d75d88cCa0c241fF4,0x06f3252cd39287361613d0021292cE7bC0434cbD,1.192162880024582459,
erc20,0x580A84C73811E1839F75d86d75d88cCa0c241fF4,0xfF7cDEd734A8A228A806A1A27E7E5e16650C9CD5,0.153804907153207247,
erc20,0x580A84C73811E1839F75d86d75d88cCa0c241fF4,0xa0D795BC676d891b683901b2591A8C6a3004EDAA,14.945341492781374745,
erc20,0x580A84C73811E1839F75d86d75d88cCa0c241fF4,0xbd789Aa56F6e5d519BdaF47001799f5857125f6e,0.183016534400653543,
erc20,0x580A84C73811E1839F75d86d75d88cCa0c241fF4,0x840647CB127112d0eDB9E6c3ce8E0c083b99516a,2.709612501435335554,
erc20,0x580A84C73811E1839F75d86d75d88cCa0c241fF4,0x90dC352C5F3a5A469b05a7ce0dabd6e70B34F9fA,0.105227072912435529,
erc20,0x580A84C73811E1839F75d86d75d88cCa0c241fF4,0xB81eAB45A9B650d063E4929f38dBC6Ba8A46ce07,0.061689167529930329,
erc20,0x580A84C73811E1839F75d86d75d88cCa0c241fF4,0xc9D8679818D2d27d236c2A9a7704cc11C6E83DA4,0.180376963067644891,
erc20,0x580A84C73811E1839F75d86d75d88cCa0c241fF4,0x852610C4BD327C9c7fd93e06505173092f29a39c,2.868145477228014996,
erc20,0x580A84C73811E1839F75d86d75d88cCa0c241fF4,0x99e6a9bfE6F743a0005EEB205b6DfDc769dee0A1,1.945603805858605775,
erc20,0x580A84C73811E1839F75d86d75d88cCa0c241fF4,0xB802040a859DCe6fF61f857900E5d06849483c01,0.658985748732469857,
erc20,0x580A84C73811E1839F75d86d75d88cCa0c241fF4,0xc9ca01c3eb9E4616819bd8F2B71726877f1b5603,0.232244030365834136,
erc20,0x580A84C73811E1839F75d86d75d88cCa0c241fF4,0x840046E04D3cde31CaE506e9b8A4b824b3bc336B,1.025842724280615329,
erc20,0x580A84C73811E1839F75d86d75d88cCa0c241fF4,0xF50689D0913b4A347d3893E495fDe5018a76A5D0,1.267551290962669246,
erc20,0x580A84C73811E1839F75d86d75d88cCa0c241fF4,0xEAb9Aa5fC55Fa6C87ccBe0b1266F5459C39587aC,0.254192272670015714,
erc20,0x580A84C73811E1839F75d86d75d88cCa0c241fF4,0xa9cc27C0789f4829d91810bDe3E72f1799B94A7d,0.061118574799512382,
erc20,0x580A84C73811E1839F75d86d75d88cCa0c241fF4,0xd1ccaB6B1F4606d80106B52a4415985ab78CbB93,2.957272719220403593,
erc20,0x580A84C73811E1839F75d86d75d88cCa0c241fF4,0xe91082b1B5cc79e756D29548dd3a4fFa6BF9032c,1.630116262009031527,
erc20,0x580A84C73811E1839F75d86d75d88cCa0c241fF4,0xA865aF1A6F4963BF91a399f526Fa7F72d955e86b,0.57588035688780057,
erc20,0x580A84C73811E1839F75d86d75d88cCa0c241fF4,0x72CB40A11781Ff0149abB55a1AdEbE2407575030,1.524092911248922242,
erc20,0x580A84C73811E1839F75d86d75d88cCa0c241fF4,0x192135FCA382C5bbe2D64f348dcaE28d3151b2A3,0.212680279031738377,
erc20,0x580A84C73811E1839F75d86d75d88cCa0c241fF4,0x5972b9a1018c07Fe6Bfba4346B67456Ab0849EB3,0.283573705375651178,
erc20,0x580A84C73811E1839F75d86d75d88cCa0c241fF4,0x89AD226078582B7D4AC8e4662029B065D1b7c32E,0.043700636375419897,
erc20,0x580A84C73811E1839F75d86d75d88cCa0c241fF4,0x0aC6368dfdDC12AF70455d63f83d1E9BE76E4c85,0.043313254346137292,
erc20,0x580A84C73811E1839F75d86d75d88cCa0c241fF4,0xc4c3F039005d5De6A98C1b22b6102be906fa690C,0.10127632334844683,
erc20,0x580A84C73811E1839F75d86d75d88cCa0c241fF4,0x818383a0f939F1074BDC65B8F8991136C5085deE,0.202552646696893686,
erc20,0x580A84C73811E1839F75d86d75d88cCa0c241fF4,0x9895BeB451e0FD41b981dcEAc6b3E88FD8068704,3.321656744384610559,
erc20,0x580A84C73811E1839F75d86d75d88cCa0c241fF4,0xAf484ead9333E82Fc1A28C938FD6995f02cD13C0,0.162042117357514945,
erc20,0x580A84C73811E1839F75d86d75d88cCa0c241fF4,0xe023d9eaD98a431A88E913629599884839cDF92f,0.6151448830080104,
erc20,0x580A84C73811E1839F75d86d75d88cCa0c241fF4,0x790dE6f4edcc1ecc49cFd1ecBDDd320d851C4f15,0.016056199237608054,
erc20,0x580A84C73811E1839F75d86d75d88cCa0c241fF4,0x94cf6F9e17B85A5E989A7B0514c46e4a27e5a4A9,0.113539321907103036,
erc20,0x580A84C73811E1839F75d86d75d88cCa0c241fF4,0xc6654898d96e97199A8d14E534fe92dd6B2674BD,10.087246394080193025,
erc20,0x580A84C73811E1839F75d86d75d88cCa0c241fF4,0x29022AcB1C0e306b7a18Fc3572b40244671Ed9a6,0.030877084605647453,
erc20,0x580A84C73811E1839F75d86d75d88cCa0c241fF4,0x54245e00dF3A6F72F477C5e20Ba1F199A964F522,0.70893426343912798,
erc20,0x580A84C73811E1839F75d86d75d88cCa0c241fF4,0xDA25ee226E534d868f0Dd8a459536b03fEE9079b,0.10127632334844683,
erc20,0x580A84C73811E1839F75d86d75d88cCa0c241fF4,0x2D216786b339AF61770F8c42108881d041d5E880,0.236986596635365617,
erc20,0x580A84C73811E1839F75d86d75d88cCa0c241fF4,0x0e6c4AF64e141eD52E3082dd4fD47416ea4f321B,4.393123775428695054,
erc20,0x580A84C73811E1839F75d86d75d88cCa0c241fF4,0x8f66EdD67f87eA5565F291dc051FBa0ED8CB83A8,3.762727450674982305,
erc20,0x580A84C73811E1839F75d86d75d88cCa0c241fF4,0x3b36645eb8a3d0bbc64dBa0Bf26436436F6379a4,0.818411114939016348,
erc20,0x580A84C73811E1839F75d86d75d88cCa0c241fF4,0x8e2F7D5aAAE5ABbD5052aCb74019b9b11cb74349,0.182297382027204314,
erc20,0x580A84C73811E1839F75d86d75d88cCa0c241fF4,0x8D477080daf5602A9709a73142d00839BC05c381,0.040510529339378711,
erc20,0x580A84C73811E1839F75d86d75d88cCa0c241fF4,0x9eC7c83c78d446858BDd37d527BafE7f624648a4,0.202552646696893686,
erc20,0x580A84C73811E1839F75d86d75d88cCa0c241fF4,0xe70e8D8224ca923244d3C22021CE185377f23922,0.041070693358110822,
erc20,0x580A84C73811E1839F75d86d75d88cCa0c241fF4,0xb730AC6a34d9861cd57F053f1Bf05f759973ded2,0.763973132903722531,
erc20,0x580A84C73811E1839F75d86d75d88cCa0c241fF4,0xdCecC37b205aeB778b722a590774a0aA84C125c9,0.793090609613565083,
erc20,0x580A84C73811E1839F75d86d75d88cCa0c241fF4,0xb17f1Bb851680a63403D76ae23418395611DdBD0,0.105327376282384705,
erc20,0x580A84C73811E1839F75d86d75d88cCa0c241fF4,0x2db23b77047c1eAa8531fC7Ab48f71C83C472EAc,0.396948499274626921,
erc20,0x580A84C73811E1839F75d86d75d88cCa0c241fF4,0x707586464b83c3Bd0571b15192FD6950fC816947,1.433935338222626345,
erc20,0x580A84C73811E1839F75d86d75d88cCa0c241fF4,0x15748fc11b0C6633A01FE1a7c5998F6530D2a9dA,0.74809441382943585,
erc20,0x580A84C73811E1839F75d86d75d88cCa0c241fF4,0x35b0F6Fbe08A3C7A1E412a514e9e02f85D01C1A4,0.425909756847689823,
erc20,0x580A84C73811E1839F75d86d75d88cCa0c241fF4,0x0e3E257a85836743c1365538AE65814bB3f040CA,0.506381616742234262,
erc20,0x580A84C73811E1839F75d86d75d88cCa0c241fF4,0x5C58bc64733cF0616C2E8AA5D8FA8d872046dfED,0.265195569655453861,
erc20,0x580A84C73811E1839F75d86d75d88cCa0c241fF4,0x231E6B09A4249C9DDE585d1D664BB95aDC3FC6ae,10.127632334844685784,
erc20,0x580A84C73811E1839F75d86d75d88cCa0c241fF4,0xDaf1BF58a179F7e1751369559fed4cf6bcACfee1,0.385046732652181539,
erc20,0x580A84C73811E1839F75d86d75d88cCa0c241fF4,0x4505c05020dD3792f9A532CD1Cd49F69828Ce852,0.36459476405440866,
erc20,0x580A84C73811E1839F75d86d75d88cCa0c241fF4,0x9c47Dc9F22154805FEA6BCCDB67b22Bb8D441D42,0.047471143165843684,
erc20,0x580A84C73811E1839F75d86d75d88cCa0c241fF4,0x45E10B47205B50D877b0e9DcDe8457a26F8c667C,0.072005769526848073,
erc20,0x580A84C73811E1839F75d86d75d88cCa0c241fF4,0x6002cA2e11B8e8c0F1F09c67F551B209eb51A0E4,0.110237489644792308,
erc20,0x580A84C73811E1839F75d86d75d88cCa0c241fF4,0x2cFB54bde4eA156628681c0AC7938Da5Cc1923D0,0.049191594230446636,
erc20,0x580A84C73811E1839F75d86d75d88cCa0c241fF4,0xABCB20274576e595250040A8D076c683B2E790c8,0.008465792470401341,
erc20,0x580A84C73811E1839F75d86d75d88cCa0c241fF4,0x946d6aBfF3c47A52263D9b0dD61dcEaE31F49E38,0.119855608501800055,
erc20,0x580A84C73811E1839F75d86d75d88cCa0c241fF4,0xD5608385C15b10777e35a965E9F7f6611A22ae80,0.005580816494973098,
erc20,0x580A84C73811E1839F75d86d75d88cCa0c241fF4,0x4f8AB2cdbDD88e60C343d2Dc81c358BfCa0136C6,0.090049904287993674,
erc20,0x580A84C73811E1839F75d86d75d88cCa0c241fF4,0xD4FfFD3814D09c583D79Ee501D17F6F146aeFAC2,3.776696890534052617,
erc20,0x580A84C73811E1839F75d86d75d88cCa0c241fF4,0x7051Df7DA9209f6C4DBc97f3295BA53584c08353,8.264819752033680305,
erc20,0x580A84C73811E1839F75d86d75d88cCa0c241fF4,0x4527C75DFC50A5390dC663f81B627C39e7b9ACAD,3.703826290839678561,
erc20,0x580A84C73811E1839F75d86d75d88cCa0c241fF4,0x3f4209b6BfC3a8290265C4f0d68c69B270EdF180,1.282028828366277632,
erc20,0x580A84C73811E1839F75d86d75d88cCa0c241fF4,0x85c8E8C9B60EE6a30ED6301DC487a8F2063AE242,18.180809779849123535,
erc20,0x580A84C73811E1839F75d86d75d88cCa0c241fF4,0xD8eD830E33859AF668Bf4bF1550DFe4CC9984157,1.20854300497089681,
erc20,0x580A84C73811E1839F75d86d75d88cCa0c241fF4,0x77c9dC116F3092AdDA6EE040b02baaeB985bA061,1.21393907166333116,
erc20,0x580A84C73811E1839F75d86d75d88cCa0c241fF4,0xceFe9b1CE9EB8dF52463f78cf59b07808C033F5E,0.604271502485448399,
erc20,0x580A84C73811E1839F75d86d75d88cCa0c241fF4,0x018CaB73A80bAadd582Fe1857d1447D8A46Dc6F4,2.256772780332404189,
erc20,0x580A84C73811E1839F75d86d75d88cCa0c241fF4,0xF981a33484E26Cab32963AA37618c4440Abf67cf,8.97570028075606255,
erc20,0x580A84C73811E1839F75d86d75d88cCa0c241fF4,0xCD0e675a32ebcE86c78D1fE9B1E406899Ca7F8FD,0.122386123452049275,
erc20,0x580A84C73811E1839F75d86d75d88cCa0c241fF4,0x8C0CD03e6Aa47FbE9D7e899F63A885129dD4206c,0.050390842786689561,
erc20,0x580A84C73811E1839F75d86d75d88cCa0c241fF4,0x8188ae9d89e4C4899a8fCC7d69A0e9D6CA43670a,1.215620578066442021,
erc20,0x580A84C73811E1839F75d86d75d88cCa0c241fF4,0x4F0C60c03F9D2D9e9F9a2EF9589d321344687099,0.778661887515998142,
erc20,0x580A84C73811E1839F75d86d75d88cCa0c241fF4,0xF8E1791C202C8AD796E5B15e33E4d066897Aa975,0.044047147614301285,
erc20,0x580A84C73811E1839F75d86d75d88cCa0c241fF4,0xE3D973A1b738942c87B534ba2Bb31A8388874241,0.026454510380568929,
erc20,0x580A84C73811E1839F75d86d75d88cCa0c241fF4,0x106E5F12BDC985829598F48CF26cB315bBf355e6,0.079720289110267656,
erc20,0x580A84C73811E1839F75d86d75d88cCa0c241fF4,0x2A7051d7CBbEF7B6889f8e14774020b1653b94C1,0.120934907099477082,
erc20,0x580A84C73811E1839F75d86d75d88cCa0c241fF4,0x25F5cd6f329EAE5A10031798F529fd46505bD7D1,0.03164342531075848,
erc20,0x580A84C73811E1839F75d86d75d88cCa0c241fF4,0x6fc6eb88b1932fc5754f67Ecf89902fe0eC1cD1b,0.084593339413775284,
erc20,0x580A84C73811E1839F75d86d75d88cCa0c241fF4,0xe17b279D3891b48c36ef616a5f70a586E80b5B98,0.015885008734012083,
erc20,0x580A84C73811E1839F75d86d75d88cCa0c241fF4,0x455C61fCB7be747b1FC8E71A9790d4Dc1De29ddc,0.111939919517867551,
erc20,0x580A84C73811E1839F75d86d75d88cCa0c241fF4,0x688C105d890e988D8437742fbc3933dcc770C19E,0.23209379941514793,
erc20,0x580A84C73811E1839F75d86d75d88cCa0c241fF4,0x9EEC3976435A37b0340eCBD966C226a691956B35,5.496228840445314314,
erc20,0x580A84C73811E1839F75d86d75d88cCa0c241fF4,0x4C023DD8EC58aB555AfA5f70bfbaDbcb50598299,1.447075843842242923,
erc20,0x580A84C73811E1839F75d86d75d88cCa0c241fF4,0x510d0E4DeF20c6BFd84f080BC424Bac5C66941f4,0.230871981349428939,
erc20,0x580A84C73811E1839F75d86d75d88cCa0c241fF4,0xeA72C806f156410F00F1535e1C87621D6d78d9dd,0.019951382514494529,
erc20,0x580A84C73811E1839F75d86d75d88cCa0c241fF4,0xE4779A2D9022fdCd4D297B637e69Ac324f0AA27b,0.164249164484714069,
erc20,0x580A84C73811E1839F75d86d75d88cCa0c241fF4,0xbdFc47b9aD740b4151935680B6cA0b3D1828F100,0.032249307892503083,
erc20,0x580A84C73811E1839F75d86d75d88cCa0c241fF4,0x5F45b7f6704014A60843C89B14df1eB6365b11D6,2.904648658342357794,
erc20,0x580A84C73811E1839F75d86d75d88cCa0c241fF4,0x78965cecb4696165B374FeA43Bac3029006Dec2c,0.770302334133824427,
erc20,0x580A84C73811E1839F75d86d75d88cCa0c241fF4,0x204F43e2Aa72fAC932afAc27250CC4822cC27A99,0.298924670127158568,
erc20,0x580A84C73811E1839F75d86d75d88cCa0c241fF4,0x4Fe27a3898F69f35806E916a410B96d88F727abb,0.036218869303990555,
erc20,0x580A84C73811E1839F75d86d75d88cCa0c241fF4,0xf515B6615Eef244236e247B0235F25252C288a0e,0.677073566846245108,
erc20,0x580A84C73811E1839F75d86d75d88cCa0c241fF4,0x0Dce9523223a97d3c16a9ebd7dd254F1dADf0732,0.960707736003704723,
erc20,0x580A84C73811E1839F75d86d75d88cCa0c241fF4,0x36E272fA836115837b1DCe51fbd8F273F7d839D3,0.080623269731257742,
erc20,0x580A84C73811E1839F75d86d75d88cCa0c241fF4,0x3e258AAe11D7eA394b2eb1176CcD54D9EB83861b,0.17334002992220418,
erc20,0x580A84C73811E1839F75d86d75d88cCa0c241fF4,0xe3C811c3508EdD755BF3AE63A0A937EE604B6f44,4.599335385406631717,
erc20,0x580A84C73811E1839F75d86d75d88cCa0c241fF4,0xdceb0Bb3311342e3ce9e49f57aFfCE9dEac40bA1,0.322537513834511195,
erc20,0x580A84C73811E1839F75d86d75d88cCa0c241fF4,0x0A9eA1adeeD852cc2dc59038503878F5b13EC0f4,0.169860737815657905,
erc20,0x580A84C73811E1839F75d86d75d88cCa0c241fF4,0x6d8e8DA575f803dEEC0288aa99b645662b0591f4,0.421360562121252019,
erc20,0x580A84C73811E1839F75d86d75d88cCa0c241fF4,0x55Dc8823f48a742F5f4e4EE0D33293CF2150C31E,0.998657847586262584,
erc20,0x580A84C73811E1839F75d86d75d88cCa0c241fF4,0x3caa8e339f9D1C740BaCa0425920F5436fE4B837,0.020155817432814416,
erc20,0x580A84C73811E1839F75d86d75d88cCa0c241fF4,0x668B092F5CF9c9D4b65d79f7fB41c37b6e29b5AF,0.075584315373054132,
erc20,0x580A84C73811E1839F75d86d75d88cCa0c241fF4,0x569376A1f338bAc253FD7e6dC75B20D1b54293c6,0.069448439334182613,
erc20,0x580A84C73811E1839F75d86d75d88cCa0c241fF4,0xd211B9D5DA830e29ca1Ec9BE1D1723b91Fa81e3F,0.364439698265700929,
erc20,0x580A84C73811E1839F75d86d75d88cCa0c241fF4,0xbadEAc406e4d451ab93C59d44EDC5a7cdfE3c34c,0.514674977035622307,
erc20,0x580A84C73811E1839F75d86d75d88cCa0c241fF4,0x0c6FA8487aa1F89640C8c59f392503cD21a24C8E,0.073392492027828319,
erc20,0x580A84C73811E1839F75d86d75d88cCa0c241fF4,0xA9A440F48Da70931a1F9d8fc7f201CD3A6c1a385,0.030233726149221635,
erc20,0x580A84C73811E1839F75d86d75d88cCa0c241fF4,0x8d36BEdEA9174b70F714086669732a2244db645E,5.320411382500684884,
erc20,0x580A84C73811E1839F75d86d75d88cCa0c241fF4,0x8178A813dc92BEE63CA5255f29bdb45d39B78E1a,0.618858334100707831,
erc20,0x580A84C73811E1839F75d86d75d88cCa0c241fF4,0x41546ACDE94953FAdE02CF27a25303a4159D5187,0.036280471379065973,
erc20,0x580A84C73811E1839F75d86d75d88cCa0c241fF4,0xa0d2f704Fe16669A03c01A9Ec7d9Afe4B0415Ad6,0.20425666752745035,
erc20,0x580A84C73811E1839F75d86d75d88cCa0c241fF4,0x37C3b49C381504E542Babc23CfeC5a4C53d813Fb,1.818974884836968866,
erc20,0x580A84C73811E1839F75d86d75d88cCa0c241fF4,0x90e743b84d8b706EbE9Bb1757aea54F1d559FC4A,0.243408950098699373,
erc20,0x580A84C73811E1839F75d86d75d88cCa0c241fF4,0x79Ac681651b091bfD77343CEAEf454CA25f5Ab02,0.306368424978779507,
erc20,0x580A84C73811E1839F75d86d75d88cCa0c241fF4,0x5330D616c96118E6fc5290475B8eA377CfFB66B4,0.093407669376609162,
erc20,0x580A84C73811E1839F75d86d75d88cCa0c241fF4,0xeda01f549Cad25f3847ce90d807c57e6F2949Bb4,1.324806291691276187,
erc20,0x580A84C73811E1839F75d86d75d88cCa0c241fF4,0x6129aEAf582DD8B748772E19FB7A80Af26d4C2d3,0.048370183315744227,
erc20,0x580A84C73811E1839F75d86d75d88cCa0c241fF4,0x8F654bbBB635E5601e237317027dCA4f814Cc198,0.195410587491579304,
erc20,0x580A84C73811E1839F75d86d75d88cCa0c241fF4,0xFe80bf69fE77Fe98bA7002C2f17702929Be74D97,0.026389739762280944,
erc20,0x580A84C73811E1839F75d86d75d88cCa0c241fF4,0x35a3b416A837e35Bf9D8da25AeD655eb83B035f1,0.02872882331488141,
erc20,0x580A84C73811E1839F75d86d75d88cCa0c241fF4,0xC5192aD83d7610EaD79e0f6c82cf253C6C64D59A,0.020155817432814416,
erc20,0x580A84C73811E1839F75d86d75d88cCa0c241fF4,0xf13Fd4951485f54462DE0fb534851d9687d1ADea,0.194799128507684822,
erc20,0x580A84C73811E1839F75d86d75d88cCa0c241fF4,0xa426bFDDa22814a691FABcb44dCBE696b0fd16D8,0.046435410747889012,
erc20,0x580A84C73811E1839F75d86d75d88cCa0c241fF4,0xe7BecFd8BA3064BFFa75fd9E9E875d8d0b551e68,0.116903055585855228,
erc20,0x580A84C73811E1839F75d86d75d88cCa0c241fF4,0x56C162b34fD0BbB33Ce1aa56a1dECc2b6F58C228,0.310138641275593923,
erc20,0x580A84C73811E1839F75d86d75d88cCa0c241fF4,0x7FF2699344601cdcCe0c3B914C51e554fDf3eC69,0.266584563653417336,
erc20,0x580A84C73811E1839F75d86d75d88cCa0c241fF4,0x5cddFACa17FB95190e9be6e4326Ab73863c9F17A,0.017253379722489136,
erc20,0x580A84C73811E1839F75d86d75d88cCa0c241fF4,0x5bBE77EFF958019ccfC88ec012f56FEfc85a1612,0.028973987559670731,
erc20,0x580A84C73811E1839F75d86d75d88cCa0c241fF4,0x592e1E16016C25651513591B7eBed5ca803ad39e,1.168467094072873675,
erc20,0x580A84C73811E1839F75d86d75d88cCa0c241fF4,0x4BB847a711a1266E61D38c401ba3ACA3f405B94c,0.03320288555444328,
erc20,0x580A84C73811E1839F75d86d75d88cCa0c241fF4,0xBE06dB455b83F3FE6cC00c581671F774Db15B539,0.016124653946251526,
erc20,0x580A84C73811E1839F75d86d75d88cCa0c241fF4,0x09C71Ad999f720f4766cd4Ed3D67E8f71ffda022,0.068681515022763424,
erc20,0x580A84C73811E1839F75d86d75d88cCa0c241fF4,0x01fF3a6ae27F59Ac1A706568749aac2632520008,0.016124653946251526,
erc20,0x580A84C73811E1839F75d86d75d88cCa0c241fF4,0x3c2414Cc813954b3E3EDE8BFdB866c1d3ee67d06,0.034272960690404884,
erc20,0x580A84C73811E1839F75d86d75d88cCa0c241fF4,0xE6a3b16e73bd666a699e9C4df286BfF35B3e62B4,0.276597386314592862,
erc20,0x580A84C73811E1839F75d86d75d88cCa0c241fF4,0xc4bCb9192F5d9fA804aD034587C564BffaF7Cd1D,0.038237760074517491,
erc20,0x580A84C73811E1839F75d86d75d88cCa0c241fF4,0x6C814dEE0b3667adF9201BF5b821bE0C559b4Ac9,0.040311589985069661,
erc20,0x580A84C73811E1839F75d86d75d88cCa0c241fF4,0x10CBA26AA49D5338473a4Af8F70114911f0A3d3f,0.631596370050732368,
erc20,0x580A84C73811E1839F75d86d75d88cCa0c241fF4,0xC338f8F06aa7BeBBcc3660f096771D159DB346CF,0.931690937412409246,
erc20,0x580A84C73811E1839F75d86d75d88cCa0c241fF4,0x751E7c8D4878f74817dFefB381C2feA0A913A543,0.954841893324305737,
erc20,0x580A84C73811E1839F75d86d75d88cCa0c241fF4,0x8E3bBDeC40E33A8A5B90bF56C6D2692088406739,0.137748838596025394,
erc20,0x580A84C73811E1839F75d86d75d88cCa0c241fF4,0x60d64626bD92523D35de5D9C400322c2aaD2C740,0.107786708693413916,
erc20,0x580A84C73811E1839F75d86d75d88cCa0c241fF4,0x4742B30f35035c666C5cbA2E8670052B179e0404,0.2378386457072104,
erc20,0x580A84C73811E1839F75d86d75d88cCa0c241fF4,0xfd8348D1e60c9044028BDE75dAB0a9ff05e6Aa03,3.14562193659333854,
erc20,0x580A84C73811E1839F75d86d75d88cCa0c241fF4,0x9e8ce21C3e6ceeEa52535a7F073f158c91a685a8,0.088786980466070575,
erc20,0x580A84C73811E1839F75d86d75d88cCa0c241fF4,0x2cD6306db0B4ba7d92010c798C60e1AA94CEcc52,0.469486363679664455,
erc20,0x580A84C73811E1839F75d86d75d88cCa0c241fF4,0x6AB880AFd1E0C7786cc5D05F4FD9b17761768da8,0.211431921508178674,
erc20,0x580A84C73811E1839F75d86d75d88cCa0c241fF4,0x77A37c30F67E9a321cad4Cc4a10F7fa19081c35a,0.176531850546998911,
erc20,0x580A84C73811E1839F75d86d75d88cCa0c241fF4,0xECc40BB63C6f7227071dFD5cB296eddf761f09EB,0.054805632464736748,
erc20,0x580A84C73811E1839F75d86d75d88cCa0c241fF4,0xbc8F07883660A5661ca975e8e5f3bdb0478D5119,0.196170907081480708,
erc20,0x580A84C73811E1839F75d86d75d88cCa0c241fF4,0xa20C912A729365909902E6576b563993C388988b,0.020074977873254457,
erc20,0x580A84C73811E1839F75d86d75d88cCa0c241fF4,0xfefF18971b0E49F503586980218C835dCa346B8F,0.032249314549332154,
erc20,0x580A84C73811E1839F75d86d75d88cCa0c241fF4,0x8e4fcA96A2520F96463364f14ECb88866913A740,0.032249307892503083,
erc20,0x580A84C73811E1839F75d86d75d88cCa0c241fF4,0xEfBc827ee8B564C67F7aE80D1B10E8a14E1c4c38,0.024691644228900867,
erc20,0x580A84C73811E1839F75d86d75d88cCa0c241fF4,0x50754d43E7694998FE3Ca282cbb391Bc8E7698C1,0.07631304977522183,
erc20,0x580A84C73811E1839F75d86d75d88cCa0c241fF4,0x44ef88fd0cf792Fef93e7875906FBfF622684f15,1.302573923493197665,
erc20,0x580A84C73811E1839F75d86d75d88cCa0c241fF4,0x99Ea0316DeFD8A749869f37d9D730C88d28A5198,0.322493078925031063,
erc20,0x580A84C73811E1839F75d86d75d88cCa0c241fF4,0xa0463d9133F97968f30eF5e761eCbdE587dDd918,0.161407786001978035,
erc20,0x580A84C73811E1839F75d86d75d88cCa0c241fF4,0x1d0CDed12AbF148Ecf35Ac114CDA38AEe8f82cD9,0.725554987476292054,
erc20,0x580A84C73811E1839F75d86d75d88cCa0c241fF4,0x092B87eecE2592CdD266f391b59F6F008B5C6778,2.113606598260561457,
erc20,0x580A84C73811E1839F75d86d75d88cCa0c241fF4,0x442e783Df75dF94AaA3D88136528810c06DaBae5,0.094981047405255195,
erc20,0x580A84C73811E1839F75d86d75d88cCa0c241fF4,0x7FA3715BFffcE74a55d0FeCA8f5e14CbefD4c412,0.322189360997615768,
erc20,0x580A84C73811E1839F75d86d75d88cCa0c241fF4,0xc8400abB0464bd5a5dd8Df3F5aE76EEe45F3c3b9,0.388056381793864881,
erc20,0x580A84C73811E1839F75d86d75d88cCa0c241fF4,0x00b5A5d3b2440dd41Ce6648e93C959ea2Ea8037f,0.021860852429329144,
erc20,0x580A84C73811E1839F75d86d75d88cCa0c241fF4,0xEA7536bB639980300893F3c60AA6d880fA4e0C7d,0.561501966679829936,
erc20,0x580A84C73811E1839F75d86d75d88cCa0c241fF4,0xbe07Aa4c4B27A2Fcb467BebccfA59a167e693FE5,1.697084913012861651,
erc20,0x580A84C73811E1839F75d86d75d88cCa0c241fF4,0x048faa4B17Ad50BFD717dD694A8c9E730d4024EC,0.263699930130312327,
erc20,0x580A84C73811E1839F75d86d75d88cCa0c241fF4,0xaB9786A5e330B50e44579132b8A3Cf7C1c3A9517,0.941862488071197676,
erc20,0x580A84C73811E1839F75d86d75d88cCa0c241fF4,0xa0B0F16635a7dE426C1033275D069d5153440252,0.120934904596886633,
erc20,0x580A84C73811E1839F75d86d75d88cCa0c241fF4,0xCC8c410e4b72Edbd6966fc934E6f0ffC1a5B5533,0.840115180043970997,
erc20,0x580A84C73811E1839F75d86d75d88cCa0c241fF4,0xAAc8Ff4329CaC4E3094350dC0676BfcdB22Bfe03,0.582503123808337378,
erc20,0x580A84C73811E1839F75d86d75d88cCa0c241fF4,0x3A8aaD9d5ba17b9fD40036Cf97C9FFcb015C1Be5,249.519362649943580469,
erc20,0x580A84C73811E1839F75d86d75d88cCa0c241fF4,0x8b9611c498dAd619b43480B861c31eCdd98F2205,0.075108669504809518,
erc20,0x580A84C73811E1839F75d86d75d88cCa0c241fF4,0x5368f2D2Bd5e37F317c53BAf1A7996B5E432F34C,0.158634930242964978,
erc20,0x580A84C73811E1839F75d86d75d88cCa0c241fF4,0xA73E883ACD5f91Dc2B4e40d5b7067862d96244Da,0.146104467190025674,
erc20,0x580A84C73811E1839F75d86d75d88cCa0c241fF4,0x50DE6694B3f7ca14ca04D2Bd9586128D785BE19a,2.324030218041075888,
erc20,0x580A84C73811E1839F75d86d75d88cCa0c241fF4,0x5DfBb04939B86c321F8D04c35C5A79a823B51216,0.036280471379065973,
erc20,0x580A84C73811E1839F75d86d75d88cCa0c241fF4,0x6F5833D8396C186624D4Ddf340DfFd6cF2f7f0e3,0.039792641027960611,
erc20,0x580A84C73811E1839F75d86d75d88cCa0c241fF4,0xd425A2FE6c494f37b1dc5F6D5f13E4D8a77A50E3,0.029911233070296607,
erc20,0x580A84C73811E1839F75d86d75d88cCa0c241fF4,0x7cE7FA2D3447c952Eb7b284fa833db2c79EFe9a2,0.020155817432814416,
erc20,0x580A84C73811E1839F75d86d75d88cCa0c241fF4,0x6d665459110077d7043403a47452A9756D71092D,0.769600258872857739,
erc20,0x580A84C73811E1839F75d86d75d88cCa0c241fF4,0x46C99956254A46eB6495832DE546405A846539B8,0.048487545381589406,
erc20,0x580A84C73811E1839F75d86d75d88cCa0c241fF4,0xb45D63b64eeC54354C75EC497EeF1325e5ac2457,0.019938314943716134,
erc20,0x580A84C73811E1839F75d86d75d88cCa0c241fF4,0x29b38578A5d7D9232901a329FF99B4C28Bc439e5,0.016917614850516658,
erc20,0x580A84C73811E1839F75d86d75d88cCa0c241fF4,0x960bD183f80b0b00a6bAE764F0783bec0DC4CEF6,0.064480200087877307,
erc20,0x580A84C73811E1839F75d86d75d88cCa0c241fF4,0xF556A555817a106cE3930C61f65Bcdacc5F37B9b,0.017757999050443347,
erc20,0x580A84C73811E1839F75d86d75d88cCa0c241fF4,0x6E72B957Ba1c131F6699D3165d48f5ceFf5E4561,0.158655866013649952,
erc20,0x580A84C73811E1839F75d86d75d88cCa0c241fF4,0x74bA03a9A71F63651E908E5F716837357d57198f,2.198742853165600891,
erc20,0x580A84C73811E1839F75d86d75d88cCa0c241fF4,0x1875BfFC06D248E1276eA94d6479986018888b37,0.882492587475904907,
erc20,0x580A84C73811E1839F75d86d75d88cCa0c241fF4,0x3A43a4B1ad0f02ae526A2c0C35a51434deD08BfF,0.090619050767560446,
erc20,0x580A84C73811E1839F75d86d75d88cCa0c241fF4,0xEa897e018Fe007cc501ceA8BD89cD73CA47aAc06,0.530506279546015737,
erc20,0x580A84C73811E1839F75d86d75d88cCa0c241fF4,0x7D53466A815fADa2ed73E0c8bcACF0Dd65EC5fb8,0.225017074486429584,
erc20,0x580A84C73811E1839F75d86d75d88cCa0c241fF4,0xD6C2d981eEccFb96505235e074F2A640C1c654f2,2.020606038040115225,
erc20,0x580A84C73811E1839F75d86d75d88cCa0c241fF4,0x39E9a08cD775815FedB57D691f2a2f3ba26d59Ec,0.180406687928260387,
erc20,0x580A84C73811E1839F75d86d75d88cCa0c241fF4,0xF7E326856009C52E9842B135723194EebA53a5Df,4.144554081823742701,
erc20,0x580A84C73811E1839F75d86d75d88cCa0c241fF4,0x95FEe46C80Fa167117BaD1020f70f8F0498Cbb91,6.822059543272455873,
erc20,0x580A84C73811E1839F75d86d75d88cCa0c241fF4,0x512a519A8C6b35b6AF39c3A6d219c56ab380dA13,0.153106475422570335,
erc20,0x580A84C73811E1839F75d86d75d88cCa0c241fF4,0x165e3263429438011F6A731c6Fdf4C32c5a8bbB3,0.264543830011912656,
erc20,0x580A84C73811E1839F75d86d75d88cCa0c241fF4,0x80bd05DCB798BE1D909DC9212e236B653CA2b040,1.812595599776744539,
erc20,0x580A84C73811E1839F75d86d75d88cCa0c241fF4,0xE7C5119D07f806bcc29fC8827A57DCECb34904ae,0.23975279937600413,
erc20,0x580A84C73811E1839F75d86d75d88cCa0c241fF4,0x63096088FA1516184eCb77f7bc98e1E73c545FB1,0.36273251671346659,
erc20,0x580A84C73811E1839F75d86d75d88cCa0c241fF4,0x7893cBC9e89245e0470fe3Ce9bb8bC3fb0bF27C3,4.992807698977710898,
erc20,0x580A84C73811E1839F75d86d75d88cCa0c241fF4,0x10e11E6443904faF15cdb944f3E99C321Ccc6199,20.616411588202215677,
erc20,0x580A84C73811E1839F75d86d75d88cCa0c241fF4,0x1B72Bac3772050FDCaF468CcE7e20deb3cB02d89,37.748290101862000148,
erc20,0x580A84C73811E1839F75d86d75d88cCa0c241fF4,0x39B185fcf2B7Eff74cFD2a48be043F5B55c44bDC,0.513392411751102176,
erc20,0x580A84C73811E1839F75d86d75d88cCa0c241fF4,0xfb2bD8d67a5584c9aA7941ABdfFDEF68e1CBCC9d,5.376980407957436434,
erc20,0x580A84C73811E1839F75d86d75d88cCa0c241fF4,0x0EDb17996DAbd08ae5551BafCA04085932A32B4b,0.637260342416597029,
erc20,0x580A84C73811E1839F75d86d75d88cCa0c241fF4,0x6C8Ce61B4ce498981Cb45fb01F8D0a91C789080b,0.094396664547118225,
erc20,0x580A84C73811E1839F75d86d75d88cCa0c241fF4,0x97BF405e43E0B145F653eE496FFD694bB78c91Bd,16.066334364899357705,
erc20,0x580A84C73811E1839F75d86d75d88cCa0c241fF4,0xb7a0cf71A375Fe7a2152EA36a700499Dbd993867,0.762333711711309857,
erc20,0x580A84C73811E1839F75d86d75d88cCa0c241fF4,0xE472fEF1286cC1c367821e317921fc07084A62D2,12.593897638996850864,
erc20,0x580A84C73811E1839F75d86d75d88cCa0c241fF4,0x70044e640D79c022020849811AeCd7c8a878eAB8,3.157034702702723765,
erc20,0x580A84C73811E1839F75d86d75d88cCa0c241fF4,0x8aDA3D85342C3d17C768992A56d39aA733B5B38c,0.698433253472090535,
erc20,0x580A84C73811E1839F75d86d75d88cCa0c241fF4,0xe52f498307BD4252bD5e6A49d6bE93CfEbC4cD41,0.084060405357879725,
erc20,0x580A84C73811E1839F75d86d75d88cCa0c241fF4,0x1CdAE921A826A5F33712C68eA81156ABB2ad2F7e,0.380195410913095804,
erc20,0x580A84C73811E1839F75d86d75d88cCa0c241fF4,0x69cd8F2B75FD66BCE93056faC8c8216886954AC8,0.471512802329199133,
erc20,0x580A84C73811E1839F75d86d75d88cCa0c241fF4,0xf5Ae09413941Aa09c211aD7A745Df4864151336d,0.401658359122483918,
erc20,0x580A84C73811E1839F75d86d75d88cCa0c241fF4,0x6284820A3ecdECB9e5c736aCe166f2b375a4A19E,14.37458302395262187,
erc20,0x580A84C73811E1839F75d86d75d88cCa0c241fF4,0x28bC398D2FcAb74212B766b15e26EbD986B5fFfA,0.642649963049605221,
erc20,0x580A84C73811E1839F75d86d75d88cCa0c241fF4,0xc723b407673e10c3614906b39e72C03A2B3faC9D,0.365143962838621738,
erc20,0x580A84C73811E1839F75d86d75d88cCa0c241fF4,0x1Dda74024d451a9aEcf2ea8E334FF0D6387bb25D,0.744294844319259867,
erc20,0x580A84C73811E1839F75d86d75d88cCa0c241fF4,0xb66b6e13Bf75D450baEC9b65506325a39376cC95,0.918539668302953176,
erc20,0x580A84C73811E1839F75d86d75d88cCa0c241fF4,0x7D679968190872708C4A5aDAF51CA7af31b3A5ef,0.146057585135448679,
erc20,0x580A84C73811E1839F75d86d75d88cCa0c241fF4,0x58A51Ef05523A03924be1d223718709D4249D9Db,0.131449214464496711,
erc20,0x580A84C73811E1839F75d86d75d88cCa0c241fF4,0x4868962B4143f6d7beCD49E07E3092070a18c554,0.353252627153205352,
erc20,0x580A84C73811E1839F75d86d75d88cCa0c241fF4,0xeeFD6537Adbda7b1A9Da3f6607dDA26b048489c2,3.708838420708782853,
erc20,0x580A84C73811E1839F75d86d75d88cCa0c241fF4,0xA5f293D1e848E9a45BD8F9766081e4b5992Ea3E9,0.657259133109519152,
erc20,0x580A84C73811E1839F75d86d75d88cCa0c241fF4,0x1c3Ae44160dB39EA591c17Cd75848378F09caB57,1.208424367504137134,
erc20,0x580A84C73811E1839F75d86d75d88cCa0c241fF4,0x91D2092283A517cf8b5D1c1A8D4E1fe4c075177C,6.179276551061105142,
erc20,0x580A84C73811E1839F75d86d75d88cCa0c241fF4,0xeef86CE597bD32F1e90cB3dD6A8Ffbc784e83dA9,21.178349844640062439,
erc20,0x580A84C73811E1839F75d86d75d88cCa0c241fF4,0xE87c09608c6306cB72977ddf65BcBC8200Cc9A96,2.190863777031730568,
erc20,0x580A84C73811E1839F75d86d75d88cCa0c241fF4,0xE79169c240eBaf333d639E8F898C7362bc7c5df9,0.091534759972378744,
erc20,0x580A84C73811E1839F75d86d75d88cCa0c241fF4,0x559011FFD24e698e365E79B807FDF471E0FFCf88,0.071773130222379189,
erc20,0x580A84C73811E1839F75d86d75d88cCa0c241fF4,0x6E05E5570c8dc85CD4aEa7832c74080154927c0b,0.986912871658753123,
erc20,0x580A84C73811E1839F75d86d75d88cCa0c241fF4,0x820911F14Bb9594808B3AD2ea84cE90c88461077,15.490878403092175001,
erc20,0x580A84C73811E1839F75d86d75d88cCa0c241fF4,0xD1E6eE8273FD2369d0717d3a54ecD15eF02da5c6,0.350843190581789172,
erc20,0x580A84C73811E1839F75d86d75d88cCa0c241fF4,0x25E441081898bA179D77362cE6E48Bcd1E949Ce8,0.24052624304382022,
erc20,0x580A84C73811E1839F75d86d75d88cCa0c241fF4,0xd42A90d122C13e384a9d0561f858f1B47accd9aA,0.401658359122483918,
erc20,0x580A84C73811E1839F75d86d75d88cCa0c241fF4,0xa888A8B983E1F4d615781797c2C0d533701ec3B7,0.08991222707888752,
erc20,0x580A84C73811E1839F75d86d75d88cCa0c241fF4,0x9a25FCDBf80B09658d4bBA0BFE8ad6e68D5c900C,1.370750436496186086,
erc20,0x580A84C73811E1839F75d86d75d88cCa0c241fF4,0x6833df4E1edB361A04491349833c83A4868ABCdA,108.894865010640438407,
erc20,0x580A84C73811E1839F75d86d75d88cCa0c241fF4,0x480C44abB0B8B4f1D3bBF7B8eB4EaC47708a5ec3,0.555018823514705056,
erc20,0x580A84C73811E1839F75d86d75d88cCa0c241fF4,0x1F47957af0EB9c19d33f560fA8650a621C508B9f,26.874595664922561998,
erc20,0x580A84C73811E1839F75d86d75d88cCa0c241fF4,0xcD1BfcB7340edDc06F5DC2aCA07e040cd6dd4BAe,0.09420714241236439,
erc20,0x580A84C73811E1839F75d86d75d88cCa0c241fF4,0xcB13f964deCe4c8314F1a6962F9D080DfAAA27cF,0.219086377703173031,
erc20,0x580A84C73811E1839F75d86d75d88cCa0c241fF4,0x1Ac01D639991044C32EFeB1ce678f334756445a5,1.621239195003480617,
erc20,0x580A84C73811E1839F75d86d75d88cCa0c241fF4,0xA887E52794E25E0ed8aaBb3b40b75278E2794633,0.150185277185189459,
erc20,0x580A84C73811E1839F75d86d75d88cCa0c241fF4,0x12d354dFc6FcD72A421f4812b0ccb1cfa840470e,0.109142962701857829,
erc20,0x580A84C73811E1839F75d86d75d88cCa0c241fF4,0x18461b9CFDCFd7371734a3CAD04c2a0979E5e981,0.730287925677243505,
erc20,0x580A84C73811E1839F75d86d75d88cCa0c241fF4,0x2EA2ce595Bd68a0CD1FD34b06dF98970952Fe4D2,0.219086377703173031,
erc20,0x580A84C73811E1839F75d86d75d88cCa0c241fF4,0xC8160b24922664d9b3CF7f0acBC149dC33917d15,3.286295665547595869,
erc20,0x580A84C73811E1839F75d86d75d88cCa0c241fF4,0x02c52EB62d6eB5E3B102244C4962aE861E235151,0.073028792567724325,
erc20,0x580A84C73811E1839F75d86d75d88cCa0c241fF4,0xf66d90496a2687D7b36BE74E5Beed0C9F7CdaA9c,4.453475475976641893,
erc20,0x580A84C73811E1839F75d86d75d88cCa0c241fF4,0xf9239d983c27d1947c31A7c2f4Aa52fC68091078,0.146057585135448679,
erc20,0x580A84C73811E1839F75d86d75d88cCa0c241fF4,0xC4D14953c039221e795E90b51E802C05d5e88e12,7.436698649105365424,
erc20,0x580A84C73811E1839F75d86d75d88cCa0c241fF4,0x1D1987B529bbcBF88D133196635e2303Cfab328d,0.133277546436096917,
erc20,0x580A84C73811E1839F75d86d75d88cCa0c241fF4,0x79A5DC80F3e4EC90a78e362A13Aff0876D3b027A,2.005557475801694821,
erc20,0x580A84C73811E1839F75d86d75d88cCa0c241fF4,0x031EaB267A82Cf9e5cF2272174b200cAC26aE1bE,0.049135523386624714,
erc20,0x580A84C73811E1839F75d86d75d88cCa0c241fF4,0x64e18cb7BE85eC89ed02E27846cBe31fE259bdd0,2.227378173315592751,
erc20,0x580A84C73811E1839F75d86d75d88cCa0c241fF4,0x720F01DaaB0b5e159387DFF1CBFD4CBE5ce6238a,0.146057585135448679,
erc20,0x580A84C73811E1839F75d86d75d88cCa0c241fF4,0x464E25e794d9dF0FAfDD4AAe320cBcC915C67937,1.97177739932855751,
erc20,0x580A84C73811E1839F75d86d75d88cCa0c241fF4,0x8A2806405Aa43150f3f9ed50230ed6C19010B506,3.460006355119696795,
erc20,0x580A84C73811E1839F75d86d75d88cCa0c241fF4,0xA9cF92e829528CE0a831025f58fA81f0b10D4288,1.239828743097823756,
erc20,0x580A84C73811E1839F75d86d75d88cCa0c241fF4,0xbA96c5c255C5738A32048E8c47fdD6D5F2b6d14F,1.359423537055796942,
erc20,0x580A84C73811E1839F75d86d75d88cCa0c241fF4,0x6Ef05d78cd63ae0261473761E040457F4A862f6D,0.441423299561622347,
erc20,0x580A84C73811E1839F75d86d75d88cCa0c241fF4,0xA709f9904a4E3cF50816609834175446C2246577,0.378749157647610883,
erc20,0x580A84C73811E1839F75d86d75d88cCa0c241fF4,0x37c2b07BB1F603444b3605e727e6C188c07F7488,0.372446842095394176,
erc20,0x580A84C73811E1839F75d86d75d88cCa0c241fF4,0x44f2cDf495E9F93BcC91dc421D1bb00ad95B617b,0.328629566554759562,
erc20,0x580A84C73811E1839F75d86d75d88cCa0c241fF4,0x036Fb0243928B60E2016c68495BD2FE1A8f33fB2,4.381727554063461172,
erc20,0x580A84C73811E1839F75d86d75d88cCa0c241fF4,0x77F9EbEb94aAE788DC46A668004622B37D3da543,0.077527936657960725,
erc20,0x580A84C73811E1839F75d86d75d88cCa0c241fF4,0x259380175dbD94dfAFE6640526348fFd305De8Bf,1.46057585135448704,
erc20,0x580A84C73811E1839F75d86d75d88cCa0c241fF4,0x8cA3ed3B33C85f28635339541319086BB7626EE5,0.296081767689150134,
erc20,0x580A84C73811E1839F75d86d75d88cCa0c241fF4,0x4754541109A3d8d7747d99DFC6125B3239355913,0.231176424073442672,
erc20,0x580A84C73811E1839F75d86d75d88cCa0c241fF4,0xCBbCF45a1aEdDAF93ED0c8A558fCb8f021225610,0.412265762633391228,
erc20,0x580A84C73811E1839F75d86d75d88cCa0c241fF4,0xd86c7d374053d3Bf663721bAC948512dBAE99390,0.010922399315916069,