0x580A84C73811E1839F75d86d75d88cCa0c241fF4,0x1CbDD531CB0356510daE7AE1E673d4CffCE3F63e,0.0213758649154838
0x580A84C73811E1839F75d86d75d88cCa0c241fF4,0xD71757Ba6918260CB7943151A1A156FdAaFED1aC,0.015084989203405005
0x580A84C73811E1839F75d86d75d88cCa0c241fF4,0xEde0927f363253D9E8cA98a3D24748554978ba35,8.675070201759132
0x580A84C73811E1839F75d86d75d88cCa0c241fF4,0x4742B30f35035c666C5cbA2E8670052B179e0404,11.58720911626334
0x580A84C73811E1839F75d86d75d88cCa0c241fF4,0x58A7Ccd4bc5D561B89606909456F23bbfC9AaaDe,1.4456704065516663
0x580A84C73811E1839F75d86d75d88cCa0c241fF4,0x639Ade8805c0081Ea5DA9495bB50751003E827cc,1670.6892177734653
0x580A84C73811E1839F75d86d75d88cCa0c241fF4,0xcFEA8f74027eC8FBbbEC544E89d0b1e4B3683295,22.8985399896945
0x580A84C73811E1839F75d86d75d88cCa0c241fF4,0x285710b5C0b79569234Be6026fF325e9c17Cb385,5.825165068380493
0x580A84C73811E1839F75d86d75d88cCa0c241fF4,0x67bCdFcdFc4f4fF2D6688A23717480548016e98d,203.57018832977778
0x580A84C73811E1839F75d86d75d88cCa0c241fF4,0x8FE02545E479Aa8bA77D84E51b1D9Ca17B88011A,337.3230948620555
0x580A84C73811E1839F75d86d75d88cCa0c241fF4,0x9753Dc0C13b3685833756a3Cb0006D5ef3e78458,298.7778157219737
0x580A84C73811E1839F75d86d75d88cCa0c241fF4,0x1875BfFC06D248E1276eA94d6479986018888b37,0.4122893294944658
0x580A84C73811E1839F75d86d75d88cCa0c241fF4,0x1b8E254E8ED6CFd1D1f72F6De8DEcc3835e67eA7,102.58496463420113
0x580A84C73811E1839F75d86d75d88cCa0c241fF4,0x0C4Cb8691C855a1233D05dC725e4D5Ebd299B9fb,0.13276073233499466
0x580A84C73811E1839F75d86d75d88cCa0c241fF4,0xaf65c100Ffeba4Bc89F0D801D7662C5A6238B481,16.866154743102776
0x580A84C73811E1839F75d86d75d88cCa0c241fF4,0xB57aaE22f8Ce7524cae1704Dcc68EFDeDf1A4b8d,5.672823467398914
0x580A84C73811E1839F75d86d75d88cCa0c241fF4,0xf4c5f7A94e70072B01EAf38bd049C25A0C6Fb32b,29.543045418099602
0x580A84C73811E1839F75d86d75d88cCa0c241fF4,0x9FeCf89c9AE7e00DB4f7Dbc6d499f9f8272dE6C1,2.97431436087761
0x580A84C73811E1839F75d86d75d88cCa0c241fF4,0x2F142a3d0fd2cD85b4E9f4d59A7E07e8E96b07dd,274.6773772448166
0x580A84C73811E1839F75d86d75d88cCa0c241fF4,0x0BF2f334cb7B2f4Ec5737Fdb735a9e42e0F97F33,141.4347547743047
0x580A84C73811E1839F75d86d75d88cCa0c241fF4,0xf5b9284EAfb96b5c021901C3f35a3C3F7D5C3379,21.685056098275
0x580A84C73811E1839F75d86d75d88cCa0c241fF4,0x825aa4FdCD2575770335D1b77901cdE9b9e97caf,72.25981732706774
0x580A84C73811E1839F75d86d75d88cCa0c241fF4,0x587755F6dFbdEB17306C839e9a845b6BC3C267Ca,11.3566899540281
0x580A84C73811E1839F75d86d75d88cCa0c241fF4,0x95689DfA2070d38d15e43878062Dc0fCeaA89B75,3.1033724727309107
0x580A84C73811E1839F75d86d75d88cCa0c241fF4,0x8c3c919DC2Fc3b310CA3347759c7c3145FB0392b,0.26503957453447213
0x580A84C73811E1839F75d86d75d88cCa0c241fF4,0x7051Df7DA9209f6C4DBc97f3295BA53584c08353,77.85226465125356
0x580A84C73811E1839F75d86d75d88cCa0c241fF4,0x842E034fE53D6f08f99Ee5F2B805c36F9272BaA8,0.1204725338793055
0x580A84C73811E1839F75d86d75d88cCa0c241fF4,0x2f10FF6Ab2e9aF48d28D6Ff505296aBD680951C3,32.28663907965388
0x580A84C73811E1839F75d86d75d88cCa0c241fF4,0x7D72BFdFE6CbC1DD8dE89AE5AAf2526b78987758,11.102277892347917
0x580A84C73811E1839F75d86d75d88cCa0c241fF4,0xB38fBF6FC3d5B2b98b172E885d70f6AF8d65eF21,18.07088008189583
0x580A84C73811E1839F75d86d75d88cCa0c241fF4,0xEa897e018Fe007cc501ceA8BD89cD73CA47aAc06,9.654842653183007
0x580A84C73811E1839F75d86d75d88cCa0c241fF4,0xB2515a7221b2654F9Faae0E4eD1d0E49Aa7B85DD,52.963386690673694
0x580A84C73811E1839F75d86d75d88cCa0c241fF4,0x075D5056Db05142b1c73d736D14d558455ce8B1E,1.6043495963661039
0x580A84C73811E1839F75d86d75d88cCa0c241fF4,0xeDf050C8966111B97e05dB1877944F547D1a4B25,33.33691575204763
0x580A84C73811E1839F75d86d75d88cCa0c241fF4,0x26b8134CbAF06FEBd714af7008a84D4eCc4283bc,29.39529826655055
0x580A84C73811E1839F75d86d75d88cCa0c241fF4,0x7D53466A815fADa2ed73E0c8bcACF0Dd65EC5fb8,5.297365638767725
0x580A84C73811E1839F75d86d75d88cCa0c241fF4,0xBBa61015763488c11c209998dB06a3d12FC43340,5062.92998201622
0x580A84C73811E1839F75d86d75d88cCa0c241fF4,0x72c2c890625F7e2eC82A49a5B0D6438C36FC1bB5,12.047253387930553
0x580A84C73811E1839F75d86d75d88cCa0c241fF4,0x7C818D46ACEf870ea88137BF553594f4803872cA,72.28567931003724
0x580A84C73811E1839F75d86d75d88cCa0c241fF4,0x4F0C60c03F9D2D9e9F9a2EF9589d321344687099,14.528987585844249
0x580A84C73811E1839F75d86d75d88cCa0c241fF4,0x02c4A98CcDfcA694807554BEc1cFf46152b6d3d8,0.09623346006278925
0x580A84C73811E1839F75d86d75d88cCa0c241fF4,0x4e46cd691B0A159FBE5e2D08a3951a324e2fb4C0,43.37451415213728
0x580A84C73811E1839F75d86d75d88cCa0c241fF4,0xfF3051467FE948e4D6a52aac359eF540DDF65F20,2.309847902772318
0x580A84C73811E1839F75d86d75d88cCa0c241fF4,0x73a213Df0f967DCb6B9ddE0cb2462C128D3fc580,10.119692845861666
0x580A84C73811E1839F75d86d75d88cCa0c241fF4,0x2b72051F378Bff38c63C286f4B5031a238C132cb,75.39760214271466
0x580A84C73811E1839F75d86d75d88cCa0c241fF4,0x39DD963Ad091d1e41139635A01732d0075e6a5A1,27.016955054951975
0x580A84C73811E1839F75d86d75d88cCa0c241fF4,0x57ec92d7aC2E36141ABD40873CE62EA4443fdE99,75.2176642205639
0x580A84C73811E1839F75d86d75d88cCa0c241fF4,0x68b1656107b64221B77Da8f593BB97fb43b8B72d,24.094506775861106
0x580A84C73811E1839F75d86d75d88cCa0c241fF4,0xf4a3649f4AD80366c79C0FE481e862925Fc650b1,0.05494069291052902
0x580A84C73811E1839F75d86d75d88cCa0c241fF4,0x27Ec16642603874c3384e223167DCd96b28823Ce,0.3481866867128197
0x580A84C73811E1839F75d86d75d88cCa0c241fF4,0x79a462965A683A43685f9600CDE48F2169530f3e,0.5208714463781625
0x580A84C73811E1839F75d86d75d88cCa0c241fF4,0xB802040a859DCe6fF61f857900E5d06849483c01,3.590836609790626
0x580A84C73811E1839F75d86d75d88cCa0c241fF4,0xF7dDF710588cCc5fe2885bA837Af7712F0C5Ba84,5.496279722069937
0x580A84C73811E1839F75d86d75d88cCa0c241fF4,0x82A87c2BD20f951402ac31358796DE4c55B18659,2.8913408131033327
0x580A84C73811E1839F75d86d75d88cCa0c241fF4,0x8CbF96319b3C56d50a7C82EFb6d3c46bD6f889Ba,0.2417247462112946
0x580A84C73811E1839F75d86d75d88cCa0c241fF4,0x6a6344ACc9779052247977C12e444EaF7120D364,14.873949824657524
0x580A84C73811E1839F75d86d75d88cCa0c241fF4,0x85601A139D2A0971EBF4e50c0395c1525329543B,0.4260541132382555
0x580A84C73811E1839F75d86d75d88cCa0c241fF4,0x4d3B46330ad179be69086E92872f9B0D67851c9A,1.153304106422515
0x580A84C73811E1839F75d86d75d88cCa0c241fF4,0x1BE9F11943eB74F7EA83C3bc4e5Fbb4838A51D17,19.275605420688887
0x580A84C73811E1839F75d86d75d88cCa0c241fF4,0x98A529e3488c2d44566881FEAB335B17B1c3b430,84.33077371551387
0x580A84C73811E1839F75d86d75d88cCa0c241fF4,0xF42bE2Aa2e0B455dF33164Df69d8e8B9c6308cC0,1.9820552093437982
0x580A84C73811E1839F75d86d75d88cCa0c241fF4,0x15891F954e0031502b6DAd52ACb136B36e4Ff9F6,132.5197872672361
0x580A84C73811E1839F75d86d75d88cCa0c241fF4,0x2056FB946d72FF22d3035f91be83ca6fd3915dE0,3.289761748174581
0x580A84C73811E1839F75d86d75d88cCa0c241fF4,0xa9221d1Ca3914c04b497A28E36Fe29Be7D4D1350,3.4696089757239994
0x580A84C73811E1839F75d86d75d88cCa0c241fF4,0xFd5f5F35f67d2D541D8e06a7F0641272F841f93e,0.3806932070586055
0x580A84C73811E1839F75d86d75d88cCa0c241fF4,0x5C2f8D10cd01b4d9500c4a4C087E18130Ad05D97,189.0399048057833
0x580A84C73811E1839F75d86d75d88cCa0c241fF4,0x1892b15CECe1471494AF00e7552693f3fAcc8eC8,171.74432795091514
0x580A84C73811E1839F75d86d75d88cCa0c241fF4,0x1fF022Bb82c18d14e6F57400C000DF37F6dbCBB6,3.2768529215171105
0x580A84C73811E1839F75d86d75d88cCa0c241fF4,0xFAeDb3e0B0DB6Bc4C2b9075C8785038e65e02940,0.7228352032758332
0x580A84C73811E1839F75d86d75d88cCa0c241fF4,0x4796f66Dd03Ce16E5bf52C082c95116207D2F78e,1.0813557830874596
0x580A84C73811E1839F75d86d75d88cCa0c241fF4,0x3EF4160952C23c969BfE612DFFd9D945eb967dc1,130.18127305684598
0x580A84C73811E1839F75d86d75d88cCa0c241fF4,0x809b3Bab36B26Cac7325B90d746df21F4469507b,1.371395250291831
0x580A84C73811E1839F75d86d75d88cCa0c241fF4,0xED3dB70381c81E349d55f14bf0A333cB140f948D,0.6278716893390043
0x580A84C73811E1839F75d86d75d88cCa0c241fF4,0x247785F04aDA16C64d5050a7D258E7E2F3A917E2,3.6429780609576143
0x580A84C73811E1839F75d86d75d88cCa0c241fF4,0x618a035f81071DdD49ad1302d02e28Ef529FeC04,42.33338067523374
0x580A84C73811E1839F75d86d75d88cCa0c241fF4,0xb9C1D122337E9FAEd2d0f32C662773Fd18A0Dc7C,0.820073197873924
0x580A84C73811E1839F75d86d75d88cCa0c241fF4,0x06f3252cd39287361613d0021292cE7bC0434cbD,5.300791490689444
0x580A84C73811E1839F75d86d75d88cCa0c241fF4,0xD6C2d981eEccFb96505235e074F2A640C1c654f2,86.81250791342757
0x580A84C73811E1839F75d86d75d88cCa0c241fF4,0xf578619ecFc9E9E9D6655aCB9D839971706133Ed,24.094506775861106
0x580A84C73811E1839F75d86d75d88cCa0c241fF4,0x84f4f2661Ff5ff30436e7154e8F5607d6BcaDc1B,1.748557870780176
0x580A84C73811E1839F75d86d75d88cCa0c241fF4,0x83FBDeb48d3F4830CDBc75F5d1Fa1d9F8B530268,5.397171299082454
0x580A84C73811E1839F75d86d75d88cCa0c241fF4,0xe22Cf3b117367893341f3798d10acE9b7fa57EBd,10.375915395258346
0x580A84C73811E1839F75d86d75d88cCa0c241fF4,0xF3080047c88F0561B310dfa4e79592F277E13B26,38.551210841377774
0x580A84C73811E1839F75d86d75d88cCa0c241fF4,0x45f9A6697D5F20c85e98E9a03400794c379973F3,2.433545184361972
0x580A84C73811E1839F75d86d75d88cCa0c241fF4,0x0076fcC7D245F6c7aAf07238ADFb48aDC62bDD55,38.551212475441915
0x580A84C73811E1839F75d86d75d88cCa0c241fF4,0x39E9a08cD775815FedB57D691f2a2f3ba26d59Ec,2.862764862792523
0x580A84C73811E1839F75d86d75d88cCa0c241fF4,0x59a2227fEabe140bB96Fb2A194078e9eFA669C1C,1.4456704065516663
0x580A84C73811E1839F75d86d75d88cCa0c241fF4,0xBD8b6Ef86290b3C6dC6232F3355131E0ba5478FA,0.48939539924049347
0x580A84C73811E1839F75d86d75d88cCa0c241fF4,0xe7Bb1406f5b46846d18C26E162453b4B3631b115,101.63649821484779
0x580A84C73811E1839F75d86d75d88cCa0c241fF4,0xe23818c910D21AF60BB08801062C940818c59B3c,0.48189013551722215
0x580A84C73811E1839F75d86d75d88cCa0c241fF4,0x7A6E41Ea4EdCeD41207660e6c0F16345CDd6150a,25.674716762759378
0x580A84C73811E1839F75d86d75d88cCa0c241fF4,0xAB909C59fAD2c9fae0a042B9770eBDC345AA9766,84.33077371551387
0x580A84C73811E1839F75d86d75d88cCa0c241fF4,0x6DF17656a08553DE3387067B4606Df5c00E24fF4,44.55964986953035
0x580A84C73811E1839F75d86d75d88cCa0c241fF4,0x9ef371D9399d0F8A16219261d68fE5b8Ab726ac8,11.565363252413333
0x580A84C73811E1839F75d86d75d88cCa0c241fF4,0x9824697F7c12CAbAda9b57842060931c48dEA969,113.2458758658362
0x580A84C73811E1839F75d86d75d88cCa0c241fF4,0x049864e7CCa8F854097e5176Ce7586F0c88CE095,0.9637802710344443
0x580A84C73811E1839F75d86d75d88cCa0c241fF4,0xF7E326856009C52E9842B135723194EebA53a5Df,124.08791691526424
0x580A84C73811E1839F75d86d75d88cCa0c241fF4,0xAe4BE50a64927d09d2D280Dc30B7Add41D3Ad1e1,580.1957231627355
0x580A84C73811E1839F75d86d75d88cCa0c241fF4,0xa84cc59744Cc55EE3CE093C5f64C72C687Bb2Ce1,0.5787500527561837
0x580A84C73811E1839F75d86d75d88cCa0c241fF4,0x9AEA42F8CEDeFaF8B4eE704F8bfe27247fd380a5,44.33389246758444
0x580A84C73811E1839F75d86d75d88cCa0c241fF4,0x74c7eEeD32C2DEF8F932053eb2137fB59a28fb17,582.3150886877024
0x580A84C73811E1839F75d86d75d88cCa0c241fF4,0x682094d3579ED47ACAE134Aaa8f20D814A56958B,6.758707985512311
0x580A84C73811E1839F75d86d75d88cCa0c241fF4,0x40053553bCa57ef44F0242ae98BA0e47db078bb3,24.38770791994335
0x580A84C73811E1839F75d86d75d88cCa0c241fF4,0xfa7d336c2d9700f89F6042F8cA03a4C61A5Ac58c,8.251295957430678
0x580A84C73811E1839F75d86d75d88cCa0c241fF4,0xD3710E7691bFf0d08b27aA881b86A25BD2ACaBC7,3.373230948620555
0x580A84C73811E1839F75d86d75d88cCa0c241fF4,0x4b26b230c8492F1ec73564CDd7F771C69d279827,25.242836257158388
0x580A84C73811E1839F75d86d75d88cCa0c241fF4,0x3E43a976a28e593eF2494a8fda4135bF3260f8eE,216.4740471119382
0x580A84C73811E1839F75d86d75d88cCa0c241fF4,0xB8f98D08f1A456d1EC9417e5eaF46fc2eDe9c0a1,120.47253387930554
0x580A84C73811E1839F75d86d75d88cCa0c241fF4,0x2D6c3Aaaa53BE2989F8C0a49CD143BBae8a3aeac,144.98659579315952
0x580A84C73811E1839F75d86d75d88cCa0c241fF4,0x4414348B92Af7784394fb12F030DF7e8Fd6A2755,7.031639774648384
0x580A84C73811E1839F75d86d75d88cCa0c241fF4,0xc45D05CDc809d20c7B14959E8cd4a1199E3e966F,0.04818901355172219
0x580A84C73811E1839F75d86d75d88cCa0c241fF4,0x2B92E7F978871AbbFFcEb49BC0570253bC2D7E86,16.86615475973524
0x580A84C73811E1839F75d86d75d88cCa0c241fF4,0x5D3966294F73405a7F97f37B4a6222E2a4002595,5.782681626206665
0x580A84C73811E1839F75d86d75d88cCa0c241fF4,0x7bE21fC9A1C657cDbf4c438FE0E49e0029B2e864,0.16866154743102774
0x580A84C73811E1839F75d86d75d88cCa0c241fF4,0xCFB7Ab914C8B93391cB5B2Ba95fa7239e1ee2bbc,4.818901355172222
0x580A84C73811E1839F75d86d75d88cCa0c241fF4,0x98bD26F6EFA48c4000919044e0232D19249b7118,1.3011033658964997
0x580A84C73811E1839F75d86d75d88cCa0c241fF4,0x047fdC2Db6EE901f154F60b36626194d2C2a68f7,11.416948577428128
0x580A84C73811E1839F75d86d75d88cCa0c241fF4,0xb7BFcDC3a2AA2aF3Fe653C9E8a19830977E1993C,115.81035216108747
0x580A84C73811E1839F75d86d75d88cCa0c241fF4,0xc724b0047De0fA1259c043e7203aBB243e2C8fC4,55.41736558448055
0x580A84C73811E1839F75d86d75d88cCa0c241fF4,0xECc40BB63C6f7227071dFD5cB296eddf761f09EB,74.61910013537785
0x580A84C73811E1839F75d86d75d88cCa0c241fF4,0x74245fbE682eF3C4470131992424b89392F7bBF7,2.409450677586111
0x580A84C73811E1839F75d86d75d88cCa0c241fF4,0xC67c629e6279CA4B51E541e22e1B50Dc05855B30,8.192132303792777
0x580A84C73811E1839F75d86d75d88cCa0c241fF4,0x6f0Ca88060F91b5eF839bE5a7211293Bfc27c06C,1.2027627788667659
0x580A84C73811E1839F75d86d75d88cCa0c241fF4,0xb587526953Ad321C1aB2eA26F7311d2aA1A98a4a,924.9959913510638
0x580A84C73811E1839F75d86d75d88cCa0c241fF4,0x95FEe46C80Fa167117BaD1020f70f8F0498Cbb91,136.52395668947247
0x580A84C73811E1839F75d86d75d88cCa0c241fF4,0xBd619A9a1e51331953dB9Bc6A908ABA1577473A8,3.2676294659542866
0x580A84C73811E1839F75d86d75d88cCa0c241fF4,0xE7cc4ba7868E72F2d031bb3f98BC96660913990C,16.866154743102776
0x580A84C73811E1839F75d86d75d88cCa0c241fF4,0x1e43B0b37D86f24eEC2f498B5f254ec8Bc8D0cd6,18.571541178732705
0x580A84C73811E1839F75d86d75d88cCa0c241fF4,0x4864E336378e041db9D2a462B3860Fb83bbA4b61,67.20489831766018
0x580A84C73811E1839F75d86d75d88cCa0c241fF4,0xa8feB1af22CD8bC78020ae91083c6e582175a3Ca,6.249275996738555
0x580A84C73811E1839F75d86d75d88cCa0c241fF4,0x2c56f924B45c9088b2BA87a4e59fA4096DCAD9E2,0.39786995880139037
0x580A84C73811E1839F75d86d75d88cCa0c241fF4,0xc785AF9B6Df32FB5345F023Aba9F479d883B98C0,13.251978726723609
0x580A84C73811E1839F75d86d75d88cCa0c241fF4,0xe7BecFd8BA3064BFFa75fd9E9E875d8d0b551e68,3.614176016379166
0x580A84C73811E1839F75d86d75d88cCa0c241fF4,0x907d8E9b66b06fC96fcD58cAaCb113CbDD586b43,15.420484336551109
0x580A84C73811E1839F75d86d75d88cCa0c241fF4,0xc8390451711a3553E0A0CC398fA037cFfB76Cdaa,0.5782681626206666
0x580A84C73811E1839F75d86d75d88cCa0c241fF4,0xe5Ae5AAc9A19Ec43aBdd161e95640A1cc12aE348,21.625230370852698
0x580A84C73811E1839F75d86d75d88cCa0c241fF4,0x7923457858043cD093b5b07be5976BCC33d44C9a,308.5572122653329
0x580A84C73811E1839F75d86d75d88cCa0c241fF4,0x512a519A8C6b35b6AF39c3A6d219c56ab380dA13,1.2047253387930554
0x580A84C73811E1839F75d86d75d88cCa0c241fF4,0xF4f59dAEBbfa75482Ed6C32432eB1a00b98136AE,0.29207436057839875
0x580A84C73811E1839F75d86d75d88cCa0c241fF4,0xfc520218eB3A7d13e2d1bF05Be840F5A024E0fcC,0.3110637850106876
0x580A84C73811E1839F75d86d75d88cCa0c241fF4,0xfB557263280B0B270a0031400D45eB722F7fE232,2.893761578428805
0x580A84C73811E1839F75d86d75d88cCa0c241fF4,0xD7D2ed59C795663b83FaF7B70C2cD68aCA0fA15F,0.664738038759039
0x580A84C73811E1839F75d86d75d88cCa0c241fF4,0x43491A9280d3AcafC57622Beb745921202C54aB6,9.637802710344443
0x580A84C73811E1839F75d86d75d88cCa0c241fF4,0xc07Fe48d7475665D433f8EF763f2EC1Cd0887113,3.0117162978512377
0x580A84C73811E1839F75d86d75d88cCa0c241fF4,0x165e3263429438011F6A731c6Fdf4C32c5a8bbB3,94.01676543941004
0x580A84C73811E1839F75d86d75d88cCa0c241fF4,0x83B0DF3A3363eAcE07FE013Ece2FCb1836A4d8EB,0.2884676498298365
0x580A84C73811E1839F75d86d75d88cCa0c241fF4,0xA44d3bBDD1FFEFF9471B250FAE74b29c1659f226,35.42816761331505
0x580A84C73811E1839F75d86d75d88cCa0c241fF4,0x5227085573fDF8EA8654997DEc553836a50d3eF0,0.8192132303792776
0x580A84C73811E1839F75d86d75d88cCa0c241fF4,0xde6D22B7B9ff1b05aD580e073bFc6fcc00CEb561,11.08347311689611
0x580A84C73811E1839F75d86d75d88cCa0c241fF4,0xC7ca78C50abE775eaA8d623a87e840392CE8D93E,1.6386759156259538
0x580A84C73811E1839F75d86d75d88cCa0c241fF4,0x69a7dfF006f3A13c5Fe159167684920B22D1E320,4.346649022365344
0x580A84C73811E1839F75d86d75d88cCa0c241fF4,0xFe6361869e3bdFe2F34152b72677deB9e76C4ffF,2.450769418591696
0x580A84C73811E1839F75d86d75d88cCa0c241fF4,0x9426670E31B966d12B70428f9205E73EA8E4d76d,16.300977861521627
0x580A84C73811E1839F75d86d75d88cCa0c241fF4,0x37633c9F778c44e852914c7056cBBBF75323Dfd6,0.24094506775861105
0x580A84C73811E1839F75d86d75d88cCa0c241fF4,0xE88CDe4B7157b40b8980A455d9AB2CB7cf8ad326,31.549963655085737
0x580A84C73811E1839F75d86d75d88cCa0c241fF4,0x0456245E55fb96f3CdCfc3856a5679B02cC1eDC4,25.299232114654163
0x580A84C73811E1839F75d86d75d88cCa0c241fF4,0x1C3c250d1f3F7EcEDb3d00A6dbe3CED36899Be2C,11.166387558493401
0x580A84C73811E1839F75d86d75d88cCa0c241fF4,0xBcFA411568D1d5c2dCAdc67A21441479FFB52e5d,0.19275605420688885
0x580A84C73811E1839F75d86d75d88cCa0c241fF4,0xb8cEA967F39A39521585262DE95655A451FD38f7,7.949572169991689
0x580A84C73811E1839F75d86d75d88cCa0c241fF4,0xfc51cC24fe48711967B0B51E201004319C0B7dd8,8.266619643743958
0x580A84C73811E1839F75d86d75d88cCa0c241fF4,0x3F709c56C05aA1Bb57eb69D5290abeC18426BdEf,68.00750067561205
0x580A84C73811E1839F75d86d75d88cCa0c241fF4,0x815400Bf42A37AF49F0229b502a15C880Ad14AD2,56.381145855514994
0x580A84C73811E1839F75d86d75d88cCa0c241fF4,0xeDA089739e7110819e680896a1edF752f2532fB0,2.204396314875631
0x580A84C73811E1839F75d86d75d88cCa0c241fF4,0xEA9a3c9E555D677935BBd41a73fCFcf256c5b6B6,36.623650299308885
0x580A84C73811E1839F75d86d75d88cCa0c241fF4,0x1B8f9a47A8Cc0eEF32b565052595c5b280Db5DD8,11.546087646992643
0x580A84C73811E1839F75d86d75d88cCa0c241fF4,0x9b2B6c49FCf87aD900d3868a054cF47b0ae768C4,8.08805341333006
0x580A84C73811E1839F75d86d75d88cCa0c241fF4,0x2bDAB32Fc7285EA127cd72046D7A0f9C5bF0dcBC,1060.1583000106784
0x580A84C73811E1839F75d86d75d88cCa0c241fF4,0x1591fFE832548d7ef6152944CaaEf37fe313381C,14.722227234131452
0x580A84C73811E1839F75d86d75d88cCa0c241fF4,0x37134C03E655eFda05DF34ce866e5e7743F6067a,116.61741279516777
0x580A84C73811E1839F75d86d75d88cCa0c241fF4,0xA4fB0cde6F47d08b20f1E4BeE65716E685C795Af,9.917436248238214
0x580A84C73811E1839F75d86d75d88cCa0c241fF4,0xA3CA60b5e9F13028DE13B4c9C6f29536EB18C4f7,0.21685056098274993
0x580A84C73811E1839F75d86d75d88cCa0c241fF4,0xf4A54a20449C375CCFC560Fd763208214035ceeD,0.7228352032758332
0x580A84C73811E1839F75d86d75d88cCa0c241fF4,0x258A4963c983138EAd92d71aeB2A8Dbfc56708CA,43.36607741118044
0x580A84C73811E1839F75d86d75d88cCa0c241fF4,0x88d5EB1993dD04bf2175f940e64fD49A90D13F8b,67.58310674137613
0x580A84C73811E1839F75d86d75d88cCa0c241fF4,0xC4D14953c039221e795E90b51E802C05d5e88e12,5.358735161510645
0x580A84C73811E1839F75d86d75d88cCa0c241fF4,0x80bd05DCB798BE1D909DC9212e236B653CA2b040,16.530621634386033
0x580A84C73811E1839F75d86d75d88cCa0c241fF4,0x4Aad99CE9237E006d312B60c1b53b18961aF0872,192.75605420688885
0x580A84C73811E1839F75d86d75d88cCa0c241fF4,0x220EDF2a786C0F93787EA09Ffa2acF9B94Fdb3b4,50.9751726747372
0x580A84C73811E1839F75d86d75d88cCa0c241fF4,0xA236D4Ff6518C5C75529D14EC0D8035CF3B28198,0.7228352032758332
0x580A84C73811E1839F75d86d75d88cCa0c241fF4,0xE7C5119D07f806bcc29fC8827A57DCECb34904ae,2.82223687639179
0x580A84C73811E1839F75d86d75d88cCa0c241fF4,0xaD8A867cb449D517bAF3be8C118Ab72f3c8461Dc,3.355631275048287
0x580A84C73811E1839F75d86d75d88cCa0c241fF4,0x92F72e352A4D47E5CDA604f9e1f00c876254DF14,117.26350405366055
0x580A84C73811E1839F75d86d75d88cCa0c241fF4,0x764f81700C47f0a880D7486905F0721796B13881,3.322091288673247
0x580A84C73811E1839F75d86d75d88cCa0c241fF4,0x5074c7436700533DE2AfFA92E70497c2cE90A7cf,2.3933412058250423
0x580A84C73811E1839F75d86d75d88cCa0c241fF4,0x6F6e16B3455d0E339Cb2DEF9F65A05D480390b7b,3.132285880861944
0x580A84C73811E1839F75d86d75d88cCa0c241fF4,0xB9301C0001065de513aA0cf1bAea9efB58A2E775,10.8425280491375
0x580A84C73811E1839F75d86d75d88cCa0c241fF4,0xE2C6Faf96CD034e43ab191112EFf222A425e0D27,34.455144689481386
0x580A84C73811E1839F75d86d75d88cCa0c241fF4,0x3ABdeC634f30Ed416f723cc5b4b95859651623b2,20.36274543592929
0x580A84C73811E1839F75d86d75d88cCa0c241fF4,0xA14F40F3673e799a831593B7F494bca6893f01B4,18.794763047772776
0x580A84C73811E1839F75d86d75d88cCa0c241fF4,0x98ed2d5A40F7b47E5F2f369B52C4e0d6270be183,205.39185147692316
0x580A84C73811E1839F75d86d75d88cCa0c241fF4,0x9A925f84962bA7b8B6215d3C8a493A98F4c4f767,4.3370112196549995
0x580A84C73811E1839F75d86d75d88cCa0c241fF4,0xB7375B91561dd350e558eCA5b008F6C4cA0edc1D,0.4793334356692317
0x580A84C73811E1839F75d86d75d88cCa0c241fF4,0x5EB3C9a23CC030FD2942089da07aD175B9DAD7dc,5.4561443765824436
0x580A84C73811E1839F75d86d75d88cCa0c241fF4,0xb939Bc14699824C1A170c06Fc9e13C254dFB4D4C,10.180208611355182
0x580A84C73811E1839F75d86d75d88cCa0c241fF4,0x140a1773d1A44393A4dc5397285B2E0ca86dfF5B,33.73230948620555
0x580A84C73811E1839F75d86d75d88cCa0c241fF4,0x0b96bf4931415b8c7CA4Cf224Fda0E75e1636DEa,19.245983529677535
0x580A84C73811E1839F75d86d75d88cCa0c241fF4,0xdCbfa3529aA31fae2BC4Ebbda16B582aeB68d0Eb,0.5857490360541495
0x580A84C73811E1839F75d86d75d88cCa0c241fF4,0x1438840F62b3C357465a12A6F30198E32FD02d78,5.541736558448055
0x580A84C73811E1839F75d86d75d88cCa0c241fF4,0xf43ed2D56345E3101789aa6Dd50232A2b3FA922A,12.750464607442943
0x580A84C73811E1839F75d86d75d88cCa0c241fF4,0xD560f575D42d88d3B8212Dcd837604e552374E33,5.782681626206665
0x580A84C73811E1839F75d86d75d88cCa0c241fF4,0x2D388282Eb7C2223eF73252F9932bA945d9Fbf52,1.2047253387930554
0x580A84C73811E1839F75d86d75d88cCa0c241fF4,0xC2e150f238b93EB009a82C030C26A06953ED434C,1.0582873480113502
0x580A84C73811E1839F75d86d75d88cCa0c241fF4,0x4275eCA14c0Dd49Ceeb9aB2F536e8216De919bA6,13.801333481213243
0x580A84C73811E1839F75d86d75d88cCa0c241fF4,0xfACa8Df7E733D0e6FAF0cd00753A59B2c6C52Fa7,1.6866154743102775
0x580A84C73811E1839F75d86d75d88cCa0c241fF4,0xe64757d213bA264D511a85CC9B53A24CC9e10859,1.7010721783757943
0x580A84C73811E1839F75d86d75d88cCa0c241fF4,0x246d84049Ad6763059643B09300F92aa4e5be7C8,2.925367984930027
0x580A84C73811E1839F75d86d75d88cCa0c241fF4,0x5078c825e2F8A4408A6525d9DEdf64618F149710,19.526037389247055
0x580A84C73811E1839F75d86d75d88cCa0c241fF4,0xc32387641D917D4ca457b0f2b1756eA2e0C2089f,5.059846422930833
0x580A84C73811E1839F75d86d75d88cCa0c241fF4,0x766064235d89B0BbDE3F022a6f5ef29117B313e0,0.7469297100516943
0x580A84C73811E1839F75d86d75d88cCa0c241fF4,0x86341e73d9Deb4696B1Ae50DBCe8F2D62FA06023,55.903294673037905
0x580A84C73811E1839F75d86d75d88cCa0c241fF4,0x2eB8dfe60eA772f3d469Bd0B1862E92eDf128a71,4.577956287413611
0x580A84C73811E1839F75d86d75d88cCa0c241fF4,0xBfB308B27deF6e564B1df9E8A608D4bD3a93CF3b,96.37802710344442
0x580A84C73811E1839F75d86d75d88cCa0c241fF4,0x0849101093FcD6220f0554f055E6B9E9aFf489Fb,0.8124445021185317
0x580A84C73811E1839F75d86d75d88cCa0c241fF4,0x8CE134D810f5361f3D4bB0707482bcDe92c26777,1.9275605420688886
0x580A84C73811E1839F75d86d75d88cCa0c241fF4,0xA9564b0aA2Ff5e6eb526F39DC4795ddd0c6cE6d4,1.3974813929999441
0x580A84C73811E1839F75d86d75d88cCa0c241fF4,0x760E340c7C6fb6535dd4F7d937E96c2bBeDb8300,28.91340813103333
0x580A84C73811E1839F75d86d75d88cCa0c241fF4,0x957Ad1cfEda6c48bfE8b4Be5686f427078802799,6.953674655513516
0x580A84C73811E1839F75d86d75d88cCa0c241fF4,0x414D5DE6fAF79b80069212efa523C9F8e825702F,10.601582981378888
0x580A84C73811E1839F75d86d75d88cCa0c241fF4,0x6c2693F5a936f37eD03CfA8465bF2D8BEFf19A0f,7.279563181113576
0x580A84C73811E1839F75d86d75d88cCa0c241fF4,0xb8946202d3AF2856EE5B05Fd834dbdF37404a853,28.91340813103333
0x580A84C73811E1839F75d86d75d88cCa0c241fF4,0xD3724349e21E9Df7F05BD760335a34c56cEB1205,0.2891340813103333
0x580A84C73811E1839F75d86d75d88cCa0c241fF4,0x84feF68daC5766380fa074Bbf9B943e1e6fB86e4,1.2261196835135126
0x580A84C73811E1839F75d86d75d88cCa0c241fF4,0xe7Ad99a1E2C9530299f2C53aD2e424f826Ded7b0,1.6866154743102775
0x580A84C73811E1839F75d86d75d88cCa0c241fF4,0x2EaD309ecf58e9Bef9070cC5C70c0b99EfD056Fb,0.5782681626206666
0x580A84C73811E1839F75d86d75d88cCa0c241fF4,0xe88569336B03fEba03cB1Fa3fE2f4D52fB15472c,0.24558639022646292
0x580A84C73811E1839F75d86d75d88cCa0c241fF4,0x7bB85b553c04cF2dFCBbDac998eA3621e17236c3,14.456704065516664
0x580A84C73811E1839F75d86d75d88cCa0c241fF4,0xaa43863086E4f6851125ef532A7214D84c0Ed08c,12.331102110830207
0x580A84C73811E1839F75d86d75d88cCa0c241fF4,0xa92a34360ff605a7012e946e148B86CF0923eAB2,15.66142940430972
0x580A84C73811E1839F75d86d75d88cCa0c241fF4,0x50bA55bF41580f0Ba7dF31d9d20b129e6d2Df6aE,2.242573407936153
0x580A84C73811E1839F75d86d75d88cCa0c241fF4,0xbA1fDDe3048aEd5656aF37873E77845781671D2C,433.70112196549996
0x580A84C73811E1839F75d86d75d88cCa0c241fF4,0xdDd1cf18e9758fe22Ab5Dd2D3432a14Ff5b4A99c,3.8344838290257597
0x580A84C73811E1839F75d86d75d88cCa0c241fF4,0xa7Dc2D6Cf7981bBe10A38B6C96ED2C714345237b,6.74646189724111
0x580A84C73811E1839F75d86d75d88cCa0c241fF4,0x77F8cB741C3edE8B166D4ed94c2fC6ffBA0AA87F,132.89852256709275
0x580A84C73811E1839F75d86d75d88cCa0c241fF4,0x097e600C398702046664935E98c7B0263428530B,22.153699117336963
0x580A84C73811E1839F75d86d75d88cCa0c241fF4,0x35BD6928c99EB3A5A8eCffD7c99938c3c63100E8,5.209253342238014
0x580A84C73811E1839F75d86d75d88cCa0c241fF4,0x0fE6E87A028132637e4cC67d379Add8f08ddd663,21.70915060505086
0x580A84C73811E1839F75d86d75d88cCa0c241fF4,0xdC421f6599E483E98C460694Bb5B04bfB42FfDdb,198.77968090085415
0x580A84C73811E1839F75d86d75d88cCa0c241fF4,0x5E7765D3585058C7ad2BD69008Cc551FbCD0EC20,193.80859965759257
0x580A84C73811E1839F75d86d75d88cCa0c241fF4,0xfa4a45D755eA1c2b72Dd581b3E05dde3bFc13fad,6.8669344311204155
0x580A84C73811E1839F75d86d75d88cCa0c241fF4,0x329CeF9E948280C82cB99C60d02dAfEE6f3CffE4,2.8406263120652033
0x580A84C73811E1839F75d86d75d88cCa0c241fF4,0xeD78AFD8ACbA4B56703c4C0ac6CDFA6b7433C1AA,11.408751912420522
0x580A84C73811E1839F75d86d75d88cCa0c241fF4,0x2C870714D6d510513A25A2053F13e5aD22e31Dcd,2.409450677586111
0x580A84C73811E1839F75d86d75d88cCa0c241fF4,0x096De06B932DA4C2805B0945CD4c2870EFa16012,0.7228352032758332
0x580A84C73811E1839F75d86d75d88cCa0c241fF4,0x6b872CE71880ca6a733cBCF67821C91D922767f0,1.9275605420688886
0x580A84C73811E1839F75d86d75d88cCa0c241fF4,0xc1cCD3E37325c4215EeC75FEB0EC59f494e7FFD4,0.06018969886225256
0x580A84C73811E1839F75d86d75d88cCa0c241fF4,0x8c9d2E3f2FDBEd7a183b02246F277881694075E1,5.300791490689444
0x580A84C73811E1839F75d86d75d88cCa0c241fF4,0xee49d450DE2F5Ce95E5F1043aa45f572CD2aCe40,7.228352032758332
0x580A84C73811E1839F75d86d75d88cCa0c241fF4,0x91fbc48A6991dA7959232C0662e27899b65f76db,0.7228352032758332
0x580A84C73811E1839F75d86d75d88cCa0c241fF4,0x494b509a7B4Acf473B2e46dcB238224BfE183865,10.507157634224537
0x580A84C73811E1839F75d86d75d88cCa0c241fF4,0xC44cCa3399dEFa1a80d087eB7A0E0b9eb7B059d3,1.2047253387930554
0x580A84C73811E1839F75d86d75d88cCa0c241fF4,0xF60De76791c2F09995df52Aa1c6e2E7DcF1E75d7,2.751595031506596
0x580A84C73811E1839F75d86d75d88cCa0c241fF4,0x91a90eE0e1B5e6eF19C9c50895aA4094332F2CC1,8.192132303792777
0x580A84C73811E1839F75d86d75d88cCa0c241fF4,0xAce16bC9ff7434aA075B54416fC291DC9abf5195,3.347241014002124
0x580A84C73811E1839F75d86d75d88cCa0c241fF4,0x11bB528cE9BF7e9BeEf60f7009e3986e51eb54b4,43.37011219655
0x580A84C73811E1839F75d86d75d88cCa0c241fF4,0x44590A57090278f932167e4018A48c986ECD21De,25.781122250171386
0x580A84C73811E1839F75d86d75d88cCa0c241fF4,0x5794201b0B8a166c9F47a12ebd4624932455a645,3.132285880861944
0x580A84C73811E1839F75d86d75d88cCa0c241fF4,0x3Ec91062448b9a8A7b76AeBFC4F4CD1f0149eDEB,10.607019180070253
0x580A84C73811E1839F75d86d75d88cCa0c241fF4,0x6cF842Dff04d8408f3D1B7905bFCcCba38B55e75,2.5058287046895553
0x580A84C73811E1839F75d86d75d88cCa0c241fF4,0x46Af16bd7c7EBd8C356EE35005d2AC93ccDC06B4,0.899640927842816
0x580A84C73811E1839F75d86d75d88cCa0c241fF4,0x0969e875Bc6aF99e37875bd9158442786963022E,9.878747778103055
0x580A84C73811E1839F75d86d75d88cCa0c241fF4,0xBB5B9e70345e2679c73373758694ecE96C550612,0.2891340813103333
0x580A84C73811E1839F75d86d75d88cCa0c241fF4,0x8cCfd01458983Cc80Fb33D70681F2d49b82fd538,5.377821376654669
0x580A84C73811E1839F75d86d75d88cCa0c241fF4,0x24e32bB964721dFAC9DEE9E9FF71Ac476652E8eF,0.21768015477622504
0x580A84C73811E1839F75d86d75d88cCa0c241fF4,0xE0359bFD85dFe81388D495b60A04db42a1087Eee,12.529143523447775
0x580A84C73811E1839F75d86d75d88cCa0c241fF4,0x8499F4aF1b2c8B1e4b0FABB0b75f675674AF281B,33.53428968748912
0x580A84C73811E1839F75d86d75d88cCa0c241fF4,0x086A9a352537D1DE7809D4919A24C4bB156487B4,15.879435050222098
0x580A84C73811E1839F75d86d75d88cCa0c241fF4,0xAc3769783a5014661394d27B10125DBA5a24BAC4,0.2891340813103333
0x580A84C73811E1839F75d86d75d88cCa0c241fF4,0xc0FF6889750F9a8EF958B9B7AD32171eCB242035,1.2067219742789488
0x580A84C73811E1839F75d86d75d88cCa0c241fF4,0x8CEEd569A72369FF4d8Cb93993faBB714df7df07,0.000837928413749867
0x580A84C73811E1839F75d86d75d88cCa0c241fF4,0xe00EaA2787a8830A485153b7Bf508Bc781E4A220,0.011468396687848732
0x580A84C73811E1839F75d86d75d88cCa0c241fF4,0x2Def61AC775df19AE12Cf41909795AadB8a334c0,3.8227988959495955
0x580A84C73811E1839F75d86d75d88cCa0c241fF4,0x547c0dbd2FC303c8e97475Ec072A58DE60EC134a,3.6057093633006234
0x580A84C73811E1839F75d86d75d88cCa0c241fF4,0xB323D1e1E1DA6Ce5c7e01a018bF2a43a42a9Af35,3.7466793131558096
0x580A84C73811E1839F75d86d75d88cCa0c241fF4,0xCD0e675a32ebcE86c78D1fE9B1E406899Ca7F8FD,1.6476263241542757
0x580A84C73811E1839F75d86d75d88cCa0c241fF4,0x9eF0EC7d2CDbB66bCfbD2D5BD41229bF71D69444,2.460544043487709
0x580A84C73811E1839F75d86d75d88cCa0c241fF4,0x369606Edde71fb6ec43353330796544852baD340,382.27988959495957
0x580A84C73811E1839F75d86d75d88cCa0c241fF4,0x2059a91004e471109fc815006D6c44936959E1dD,0.2599503249245725
0x580A84C73811E1839F75d86d75d88cCa0c241fF4,0xaCe6Fa355B0fE334ef40Bb55dec404939Ac77431,8.153889600847833
0x580A84C73811E1839F75d86d75d88cCa0c241fF4,0x5d3216aFeefEF0a5C51494d27992E146b5186EDB,0.7263317902304232
0x580A84C73811E1839F75d86d75d88cCa0c241fF4,0xD164c9F638104ef65Db58979605767470960917b,0.053519184543294324
0x580A84C73811E1839F75d86d75d88cCa0c241fF4,0x53C32278f6E1175cD0B7Aa6baB60C1a8e6D582c8,0.48369492150560633
0x580A84C73811E1839F75d86d75d88cCa0c241fF4,0x8033562521FedEcDCc05487303522375597f9094,7.645597791899191
0x580A84C73811E1839F75d86d75d88cCa0c241fF4,0xaB96Cb3351582398616868f235958B068bce2881,6.078249452349297
0x580A84C73811E1839F75d86d75d88cCa0c241fF4,0x1cbc1E42A18A64d4c6f00De6BB831b9cf0E2A426,85.24841537967598
0x580A84C73811E1839F75d86d75d88cCa0c241fF4,0x96c4fcF5503d0Ad104EF70F7F0E3FAC24Ca4B485,28.390401598057043
0x580A84C73811E1839F75d86d75d88cCa0c241fF4,0x5461C09d7b61E4beFFCd782DC333f102ed7F6e24,100.56460905681969
0x580A84C73811E1839F75d86d75d88cCa0c241fF4,0x143A6d15999837d02D30F2bEae9204F031AfBF99,0.3516974984273628
0x580A84C73811E1839F75d86d75d88cCa0c241fF4,0xc8e28179Be49BD5bDcb39576FD3c183fda367C34,0.5734198343924393
0x580A84C73811E1839F75d86d75d88cCa0c241fF4,0x1B186Fc46Cb552C3FBf66150542c69f053E4F474,2.294153418966248
0x580A84C73811E1839F75d86d75d88cCa0c241fF4,0x2d198Cb728ACADccfF21e8057c46FBd55f392955,6.251811709037078
0x580A84C73811E1839F75d86d75d88cCa0c241fF4,0x44435Bf6AB881133a25bDAaba015Aad0b8A1CDd9,24.864405612145422
0x580A84C73811E1839F75d86d75d88cCa0c241fF4,0x44A6d0E4353E0841144fb766970F8c93Cf232c74,0.17866996233784205
0x580A84C73811E1839F75d86d75d88cCa0c241fF4,0x5a73879E85c9cA0Fabc86D65efD2daEBA6B1bC33,5.35212222127216
0x580A84C73811E1839F75d86d75d88cCa0c241fF4,0xE3668183F3524F50d8f03e91c8810Ad7ae0051Ab,0.6078250244559856
0x580A84C73811E1839F75d86d75d88cCa0c241fF4,0xbB40888F5C2509ebA0DcE37Dbb02d15f6d26E1FC,3.096467105719172
0x580A84C73811E1839F75d86d75d88cCa0c241fF4,0x9EEC3976435A37b0340eCBD966C226a691956B35,38.610268849090915
0x580A84C73811E1839F75d86d75d88cCa0c241fF4,0x510d0E4DeF20c6BFd84f080BC424Bac5C66941f4,41.36793349817518
0x580A84C73811E1839F75d86d75d88cCa0c241fF4,0xAe5499976FfD3e58Be47BDD51c787A5201D957f4,0.9460880740656105
0x580A84C73811E1839F75d86d75d88cCa0c241fF4,0x32442D93DcFAcce6f842245A40329804cA168BB3,6.881038012709272
0x580A84C73811E1839F75d86d75d88cCa0c241fF4,0xf0843eB5F856aE89c4E3C3Ae5F3149f616EE568C,10.608266936260128
0x580A84C73811E1839F75d86d75d88cCa0c241fF4,0xA810227DAAF85F762B8e260de3a198c446eb1d91,792.5241245811973
0x580A84C73811E1839F75d86d75d88cCa0c241fF4,0xF6Bc7cC74dE5DCb76f20440a51EA0FFF1b037645,1.5291195583798383
0x580A84C73811E1839F75d86d75d88cCa0c241fF4,0x4993BE2d24C2DD912D7B25922a652e8bB26F9a1d,15.291195583798382
0x580A84C73811E1839F75d86d75d88cCa0c241fF4,0xa4dDA080E000478EB51C5a9e1122f98Ca76ebD8E,5.691595404641163
0x580A84C73811E1839F75d86d75d88cCa0c241fF4,0x281975BF5D79C1e26b431a28d2059a1E750393C9,93.65857369182191
0x580A84C73811E1839F75d86d75d88cCa0c241fF4,0x7CA05Bc35196A026E3A4a3A59CB5a3033E7b5aCe,7.683825780858687
0x580A84C73811E1839F75d86d75d88cCa0c241fF4,0x18B0046eF6Ee3fD03bA91A190e37E7AE72b89D8b,7.263317902304231
0x580A84C73811E1839F75d86d75d88cCa0c241fF4,0xe4e8301296bD883515D539490105b1C797C52feC,5.478716689231614
0x580A84C73811E1839F75d86d75d88cCa0c241fF4,0x3C7F2073e5109DaB5266c17Aa2B9321f48a2FE3D,3.8227988959495955
0x580A84C73811E1839F75d86d75d88cCa0c241fF4,0x2f5ED4D6457E0Be2a0cD339eE2E58ea29C8B992A,0.4549130686180018
0x580A84C73811E1839F75d86d75d88cCa0c241fF4,0xf2d11B31904370Fca59B7243002933D61e21a013,3.6354817500480654
0x580A84C73811E1839F75d86d75d88cCa0c241fF4,0x98450B07dE5dd0cF94B7001785D6B55eB16C9690,191.13994479747979
0x580A84C73811E1839F75d86d75d88cCa0c241fF4,0x49a5492FDFe5AcC966dD5f41310dfDfe8dAA349C,6.307618178316832
0x580A84C73811E1839F75d86d75d88cCa0c241fF4,0x0524f2B8765Ee3A1a033311dDc9e2DcaaD34b8C3,0.02178995370691269
0x580A84C73811E1839F75d86d75d88cCa0c241fF4,0x9b484838af17Ee7f9852B1DE53A356FA4E1cdFE9,32.589360587970305
0x580A84C73811E1839F75d86d75d88cCa0c241fF4,0x3172aee5e0B47bB23e87db93327F58E06e6A73B6,0.785683732617547
0x580A84C73811E1839F75d86d75d88cCa0c241fF4,0x0003bBB966655dc0FBBb380797b07fC547E9dDc5,5.160778509531954
0x580A84C73811E1839F75d86d75d88cCa0c241fF4,0x8f2E458791069494eaf3789A1eD8e0B69dBe8dbb,64.36687182937851
0x580A84C73811E1839F75d86d75d88cCa0c241fF4,0x8Bcf10D5bD8a0FF835221dD2a9C794B435c52813,27.073001980429865
0x580A84C73811E1839F75d86d75d88cCa0c241fF4,0x01F55B5372eCaF891D1aF44f9197361362E9E2f8,0.11468396687848781
0x580A84C73811E1839F75d86d75d88cCa0c241fF4,0x0228213C43F6c2634a1bDAD2FCAb7316256CdFf6,4.809625862156329
0x580A84C73811E1839F75d86d75d88cCa0c241fF4,0x5c3d89B0400081028BAE174462bF59aF93bEb5Ed,2.402343183974084
0x580A84C73811E1839F75d86d75d88cCa0c241fF4,0x05efc12Df01a04a1e92D817D4bf5447178cB5F2f,13.762076025418544
0x580A84C73811E1839F75d86d75d88cCa0c241fF4,0x1501a02b50979265842e5A38bbCdA58768e5ffCf,8.188974212263425
0x580A84C73811E1839F75d86d75d88cCa0c241fF4,0x0BcD590a7BC197eab00Bc00c19035D89bf8B0d9F,151.00055639000902
0x580A84C73811E1839F75d86d75d88cCa0c241fF4,0x60fbA3B1d069E1317D2B4B718739e280FBAd9896,4.128508123658684
0x580A84C73811E1839F75d86d75d88cCa0c241fF4,0xcada959d150B74E835C738aE724Dc4AD094F0479,3.078831478920986
0x580A84C73811E1839F75d86d75d88cCa0c241fF4,0x23554eA86b2a86111f8a2d3a65C0B1d39ec0c9b8,10.422390222699152
0x580A84C73811E1839F75d86d75d88cCa0c241fF4,0x545B97A717d22bf84f0BfB60E289C047176128A3,17.20259503177318
0x580A84C73811E1839F75d86d75d88cCa0c241fF4,0x9674Fc77A3f5773002877cAe189a51Ea89CC4316,204.05666605476907
0x580A84C73811E1839F75d86d75d88cCa0c241fF4,0xB203df26AF3666f4214661f7f903C46EDF9403b0,13.51787621509145
0x580A84C73811E1839F75d86d75d88cCa0c241fF4,0x97Eda3C9f1e4c7eF743b552Ab687Aa49FCa804c0,0.13379796135823582
0x580A84C73811E1839F75d86d75d88cCa0c241fF4,0x51e4C4871958C5a87884F30E10d59515d908df0f,2.574029078780265
0x580A84C73811E1839F75d86d75d88cCa0c241fF4,0xA8470d7e5052F64f87db7E5D40ca660cfe339531,0.5543058399126913
0x580A84C73811E1839F75d86d75d88cCa0c241fF4,0x0c6FA8487aa1F89640C8c59f392503cD21a24C8E,13.379796135823584
0x580A84C73811E1839F75d86d75d88cCa0c241fF4,0xb84848Ce4a46a44f06864B5deCc2fe07b842CF30,152.69458713561664
0x580A84C73811E1839F75d86d75d88cCa0c241fF4,0x404aFf815A884cd4405E476D3439994425f5401e,0.01911399447974796
0x580A84C73811E1839F75d86d75d88cCa0c241fF4,0x82e801016511Dc3Cc941ecb929817271B108445E,0.764559779189919
0x580A84C73811E1839F75d86d75d88cCa0c241fF4,0x9F620cCbcb854f15575bCEFFfC41DAc3173f2b48,9.678214223995482
0x580A84C73811E1839F75d86d75d88cCa0c241fF4,0x4Fe27a3898F69f35806E916a410B96d88F727abb,158.46943663230132
0x580A84C73811E1839F75d86d75d88cCa0c241fF4,0x364725463cf117926C43AfBd97927a5a8D622C7F,0.07263317902304228
0x580A84C73811E1839F75d86d75d88cCa0c241fF4,0xC258D51D09bBfB9d99365E95D16D197a78469128,0.6689898067911793
0x580A84C73811E1839F75d86d75d88cCa0c241fF4,0xbFf36B0e434F7DDd28c523571c3B9F93f60132F6,0.14908915694203417
0x580A84C73811E1839F75d86d75d88cCa0c241fF4,0x73f13990070D5dd94c8E4Ea9562f2d617d0487D7,18.34943470055806
0x580A84C73811E1839F75d86d75d88cCa0c241fF4,0x39B185fcf2B7Eff74cFD2a48be043F5B55c44bDC,0.9556997239873988
0x580A84C73811E1839F75d86d75d88cCa0c241fF4,0x28CF3C605216A841b1e3b77aad0c82D760Ed7a00,1.1468396687848788
0x580A84C73811E1839F75d86d75d88cCa0c241fF4,0xf1d76A74b0e64f67C9791A992fa62808c923c7E8,22.936793375697572
0x580A84C73811E1839F75d86d75d88cCa0c241fF4,0x150B43888b42d00E72f6Fc1278286cA6293c0325,1.5313394330635062
0x580A84C73811E1839F75d86d75d88cCa0c241fF4,0x83c0ED34e4B8d2a197b79A7eA401b9a37e1A90bC,9.082875391707606
0x580A84C73811E1839F75d86d75d88cCa0c241fF4,0x1C467666f27e9643561125A249DAB04Be6537BD2,6.793113638102431
0x580A84C73811E1839F75d86d75d88cCa0c241fF4,0xfA74F91B0763E71971Dc871eb7bDDc1248b862AB,0.057341983439243877
0x580A84C73811E1839F75d86d75d88cCa0c241fF4,0x3237835f43A7336005262C724CE5886ac406417F,3.1346950946786682
0x580A84C73811E1839F75d86d75d88cCa0c241fF4,0x83aD0423329e30E72F331b458C646352D0CF2f64,2.2421766689350604
0x580A84C73811E1839F75d86d75d88cCa0c241fF4,0xe546E60D8cc8a85cF103d7B174bf1692DFA3f838,4.875402896428851
0x580A84C73811E1839F75d86d75d88cCa0c241fF4,0x35b4fd4B104516aC422dd93865c08aCc69baEd38,6.830268808291093
0x580A84C73811E1839F75d86d75d88cCa0c241fF4,0xD126DD36d66F02C738395d94F5e10467c29A4c66,0.5504830410167417
0x580A84C73811E1839F75d86d75d88cCa0c241fF4,0xe546b43E7fF912FEf7ED75D69c1d1319595F6080,19.113994479747976
0x580A84C73811E1839F75d86d75d88cCa0c241fF4,0xF54613465819599eE946A6a967D4ea529e18aE07,336.7378145024952
0x580A84C73811E1839F75d86d75d88cCa0c241fF4,0x840647CB127112d0eDB9E6c3ce8E0c083b99516a,49.69638564734474
0x580A84C73811E1839F75d86d75d88cCa0c241fF4,0x0B1Cd3a79016c4EaDBBBE96f0D184a9Db6E852c7,16.891036921753287
0x580A84C73811E1839F75d86d75d88cCa0c241fF4,0x52A18642BE82226E631f0b4E379A7A1b2333cC9C,17.20270971574006
0x580A84C73811E1839F75d86d75d88cCa0c241fF4,0x77b1acb01e04316e8f6F185aEDE9dA4c5889f270,1.8578802634315035
0x580A84C73811E1839F75d86d75d88cCa0c241fF4,0xc7F14dcb4A84194C8f446604633904C51007c9C8,34.63221663739816
0x580A84C73811E1839F75d86d75d88cCa0c241fF4,0x36E272fA836115837b1DCe51fbd8F273F7d839D3,42.050787868681034
0x580A84C73811E1839F75d86d75d88cCa0c241fF4,0x0A9eA1adeeD852cc2dc59038503878F5b13EC0f4,29.180175357097372
0x580A84C73811E1839F75d86d75d88cCa0c241fF4,0x7A5509e03B1a9d75A4106900F5A014888833dc91,75.53607003531539
0x580A84C73811E1839F75d86d75d88cCa0c241fF4,0xdDE38D842edafD9c938B145281F6e0A19E7f339A,28.808927498957154
0x580A84C73811E1839F75d86d75d88cCa0c241fF4,0x26E3ff43B7dc911A752F2E44378516aE575dD4C9,23.382622866540707
0x580A84C73811E1839F75d86d75d88cCa0c241fF4,0x95A0215f18439A7705f5176268030E84Fb59c4E2,0.1567674884603979
0x580A84C73811E1839F75d86d75d88cCa0c241fF4,0x7b2a056c1aa75D8248E0C0955F318a283b457949,0.764559779189919
0x580A84C73811E1839F75d86d75d88cCa0c241fF4,0x063D6360bafE1981578E8b359C8176f359e23c26,1.0606225630747579
0x580A84C73811E1839F75d86d75d88cCa0c241fF4,0x4dc0F94539Ec8cc173FdC29CA0420Bf18aAC2736,1.2424096411836185
0x580A84C73811E1839F75d86d75d88cCa0c241fF4,0xC82700b488Aa10dea64c448897EE67aEF1D90880,2.6178871490657447
0x580A84C73811E1839F75d86d75d88cCa0c241fF4,0x02d5333d35b155EC5876f3A355B845Ce37D2fd04,0.22936793375697567
0x580A84C73811E1839F75d86d75d88cCa0c241fF4,0xa42c2bAB6AC560db8E59a9C5aA926166C4D4c582,25.262256708908776
0x580A84C73811E1839F75d86d75d88cCa0c241fF4,0x54aC66a7592a12F8aE1dF9d10DDE2a114caE2727,0.11468396687848781
0x580A84C73811E1839F75d86d75d88cCa0c241fF4,0x58Acd03fc1f547a6304ed5B93e11e71DEF2D39DF,0.4990772733670898
0x580A84C73811E1839F75d86d75d88cCa0c241fF4,0x3caa8e339f9D1C740BaCa0425920F5436fE4B837,3.440519006354636
0x580A84C73811E1839F75d86d75d88cCa0c241fF4,0x46e7bCD89D245FA59A8C33772E8Dc6a52a3B08c8,0.4587358675139514
0x580A84C73811E1839F75d86d75d88cCa0c241fF4,0xFD6e577bc642238e1E091432Eec1a9f83fBBe03b,12.505133791307559
0x580A84C73811E1839F75d86d75d88cCa0c241fF4,0xEb7989a7C04b70cEA2bef6C2160ab7AFCa2A0d98,0.45109026972205224
0x580A84C73811E1839F75d86d75d88cCa0c241fF4,0x0FF33EA1B4acA9eC2878d73590B99d2fd8334818,0.6116478233519352
0x580A84C73811E1839F75d86d75d88cCa0c241fF4,0x7400FdF07eEC13366AC28673d36e7813c92bE46d,0.11468396687848781
0x580A84C73811E1839F75d86d75d88cCa0c241fF4,0x9D5FbDa32AAD9F83b307499854674E11C4B5f638,18.540574645355537
0x580A84C73811E1839F75d86d75d88cCa0c241fF4,0xe3b22298363F3D82fd57E86Ac289d98b9Ba2013D,1.0474468974901892
0x580A84C73811E1839F75d86d75d88cCa0c241fF4,0xb8aCD3a41360cf07621fF64cF3cD0DAd9A1F0085,1.9113810128534996
0x580A84C73811E1839F75d86d75d88cCa0c241fF4,0x4572581Fc62D4477B9E11bb65eA8a1c306CbBa3D,40.139388407470754
0x580A84C73811E1839F75d86d75d88cCa0c241fF4,0x9821D930402024628129e6F447015Dbbe9ACC1F5,0.05886593846116132
0x580A84C73811E1839F75d86d75d88cCa0c241fF4,0xBaE93315EF0fa8288d1ff82920E4c8D26da2655e,0.05726727428852559
0x580A84C73811E1839F75d86d75d88cCa0c241fF4,0xaE7853A2AB2d63E2D9804A4Dd848A4C7f035eBFf,2.5196564487060256
0x580A84C73811E1839F75d86d75d88cCa0c241fF4,0x035d5E9AEf9C24c42764a90b1eF6207D22fda0E7,38.610268849090915
0x580A84C73811E1839F75d86d75d88cCa0c241fF4,0x1df360a12306Ad479dC92A0772342C792A26cb2D,14.339318658706933
0x580A84C73811E1839F75d86d75d88cCa0c241fF4,0x9cdf663D62a31Ef422C6415D045cBBDD955Da03A,24.236540015227323
0x580A84C73811E1839F75d86d75d88cCa0c241fF4,0x15464A146107F673CfBe094540cFc3CE2fec9Fa1,335.31144423940856
0x580A84C73811E1839F75d86d75d88cCa0c241fF4,0x6DfF1b475B58fdd4C84F36F9f99b8e954D88d9d6,3.0505935189677773
0x580A84C73811E1839F75d86d75d88cCa0c241fF4,0x29730fc44bDfc2f6375E03DB716788567f0a8d79,0.15291195583798378
0x580A84C73811E1839F75d86d75d88cCa0c241fF4,0xC6a82e72156A11a2E1634633aF5E4517B451f0D9,3.0582391167596765
0x580A84C73811E1839F75d86d75d88cCa0c241fF4,0x77ec08cc759B2EC2c6f570FAa4E5093912668C0a,6.10698727161367
0x580A84C73811E1839F75d86d75d88cCa0c241fF4,0x4a39beD3F97ac8e4774b7407dE7090E7A1050A69,39.72715518809552
0x580A84C73811E1839F75d86d75d88cCa0c241fF4,0x52040Ae7E22a72D2301ADE4feB222DDc113eB4c1,4.969638564734474
0x580A84C73811E1839F75d86d75d88cCa0c241fF4,0xfF8695F10D1A1dD8f4aaa32a016430fe62F978ad,0.19113994479747975
0x580A84C73811E1839F75d86d75d88cCa0c241fF4,0x91E0A8b5C16E80beeb4E41f8E5b218871d46B567,1.3065547650165814
0x580A84C73811E1839F75d86d75d88cCa0c241fF4,0x79ba76d993b9A4e45E1BF21b6ffbaBE8cB0b1f71,1.1027201587118491
0x580A84C73811E1839F75d86d75d88cCa0c241fF4,0xF826Bc629d859af67736671274BFbF0967E36729,8.177007212346103
0x580A84C73811E1839F75d86d75d88cCa0c241fF4,0x73b4C185e48465Dc239aE16BB4c8542D1cD07374,9.289401317157518
0x580A84C73811E1839F75d86d75d88cCa0c241fF4,0x8b509d264bCFF0276094a1A20fFfc858FB8cA213,8.668999284333857
0x580A84C73811E1839F75d86d75d88cCa0c241fF4,0xF7CE23e950D7ae6F56eE6dD245446c548Cf8eAfA,4.2147322647415715
0x580A84C73811E1839F75d86d75d88cCa0c241fF4,0x7f523f984ffB6e675E6B0279350c30de16DddFBF,0.764559779189919
0x580A84C73811E1839F75d86d75d88cCa0c241fF4,0x2Fe58F212aBdb49d0D36Eb93B0a858a170835827,16.436123853135285
0x580A84C73811E1839F75d86d75d88cCa0c241fF4,0x06d769d6Fd47e8db4b35E0BE76c345Bd095A9F3e,25.361260220495005
0x580A84C73811E1839F75d86d75d88cCa0c241fF4,0x5A0FEafA574d62C68b627f6cdF2d7491b841c14B,10.703836908658868
0x580A84C73811E1839F75d86d75d88cCa0c241fF4,0xF4f6D22DD06af6039F107bD6EEb116F034dE5027,7.760281758777679
0x580A84C73811E1839F75d86d75d88cCa0c241fF4,0x49136fFC7f7df7C7a1DB83d35f8F265Afd40AcDd,1.9113994479747978
0x580A84C73811E1839F75d86d75d88cCa0c241fF4,0xdA26524869D92d18d756f29127a8c3d0B7fa2c53,0.3861026884909091
0x580A84C73811E1839F75d86d75d88cCa0c241fF4,0x56D06893F42f9C4031549d30609700246D512CF4,1.9646510365953755
0x580A84C73811E1839F75d86d75d88cCa0c241fF4,0x10330D48A348982F0ef0a33e09E2f93c9B8315B7,1.9735000092300876
0x580A84C73811E1839F75d86d75d88cCa0c241fF4,0xc3533af424c20ec7617Df28C5Fa401Bf5FddEdC4,1212.1347924446943
0x580A84C73811E1839F75d86d75d88cCa0c241fF4,0xBbDa8529d44A3174B0B5590114D99946e75d7346,0.2102539392772277
0x580A84C73811E1839F75d86d75d88cCa0c241fF4,0x3c74c735b5863C0baF52598d8Fd2D59611c8320F,3.829031983273006
0x580A84C73811E1839F75d86d75d88cCa0c241fF4,0x4C023DD8EC58aB555AfA5f70bfbaDbcb50598299,23.961916823260214
0x580A84C73811E1839F75d86d75d88cCa0c241fF4,0x0B997e226B63FdED87673Bc8B43bA24477b8147A,5.114844481375485
0x580A84C73811E1839F75d86d75d88cCa0c241fF4,0x98E9dB4FEafc72D177C77AED8ee97F4DF71EA681,1563.486520454425
0x580A84C73811E1839F75d86d75d88cCa0c241fF4,0x9e04689ec4F4B6A8BdEe305Bcd0A93F8B908eA0d,22.87945139225833
0x580A84C73811E1839F75d86d75d88cCa0c241fF4,0xB5B7ecd3D1a70E5BCF91E3a1C28354cE16055B0F,4.969638564734474
0x580A84C73811E1839F75d86d75d88cCa0c241fF4,0xAEbe2c167392E4b0d3e150ca80204eB327Db918b,1.9113994479747978
0x580A84C73811E1839F75d86d75d88cCa0c241fF4,0x85a38AfC1e790367a9598CaC9A184c02840150FA,8.219017997982368
0x580A84C73811E1839F75d86d75d88cCa0c241fF4,0x04a0457E163CEEf461efc4d0c2A374bad426d1DC,16.548323701379694
0x580A84C73811E1839F75d86d75d88cCa0c241fF4,0xA6FbeaaC65DE6d6fC900d95932D9320AaD9128f0,800.1761078727595
0x580A84C73811E1839F75d86d75d88cCa0c241fF4,0x52488ffda996BA3daDd03c65BF9125ae3b5972A1,3.8227988959495955
0x580A84C73811E1839F75d86d75d88cCa0c241fF4,0xa93242f0074ca8a20E4de93E69189fa4596263F2,1.9021903864688376
0x580A84C73811E1839F75d86d75d88cCa0c241fF4,0x460b00FBc304fAd16E8A47355525cacb9b1A0b01,0.3336538876384807
0x580A84C73811E1839F75d86d75d88cCa0c241fF4,0xea25220Caf98e0097fB8401d8A44e2d4f2CEf093,68.2426202757101
0x580A84C73811E1839F75d86d75d88cCa0c241fF4,0x07bDC7630Bf63439eE4080a684651650C7966155,8.60129751588659
0x580A84C73811E1839F75d86d75d88cCa0c241fF4,0xdE6Bfae914A17aE09f247Fd2eef79187560950a6,8.391043576609363
0x580A84C73811E1839F75d86d75d88cCa0c241fF4,0x2D2170D22d67D3eb3096FeB73b8100ba01d76E6a,0.02042622997509973
0x580A84C73811E1839F75d86d75d88cCa0c241fF4,0xBb46A8ee4315a37C56AEcE45783045722dFD72a7,9.556997239873988
0x580A84C73811E1839F75d86d75d88cCa0c241fF4,0x55C78980e3C17e72a34F258f2278175D13BCFA9B,0.5880530973074469
0x580A84C73811E1839F75d86d75d88cCa0c241fF4,0x3e62aBD8396c9Ab1158CB1Da8B183Ce6F3410140,11.468396687848786
0x580A84C73811E1839F75d86d75d88cCa0c241fF4,0x90e743b84d8b706EbE9Bb1757aea54F1d559FC4A,3.1437738241412148
0x580A84C73811E1839F75d86d75d88cCa0c241fF4,0x79Ac681651b091bfD77343CEAEf454CA25f5Ab02,13.166854019657942
0x580A84C73811E1839F75d86d75d88cCa0c241fF4,0x18829e507e072aF3697eD1A33a6d8D53a86f11a9,58.44194641834574
0x580A84C73811E1839F75d86d75d88cCa0c241fF4,0x790c7fcF04fD34Cf05f462755aA0b149F82A07ef,4.8158348444796895
0x580A84C73811E1839F75d86d75d88cCa0c241fF4,0x2b95890732184B1017cF61cd92B0e42CB8b3CA17,0.5734198343924393
0x580A84C73811E1839F75d86d75d88cCa0c241fF4,0xd1ccaB6B1F4606d80106B52a4415985ab78CbB93,9.556997239873988
0x580A84C73811E1839F75d86d75d88cCa0c241fF4,0x07CF7b53F524783858F2739737730D513643F909,3.2486627646055326
0x580A84C73811E1839F75d86d75d88cCa0c241fF4,0x417F41772998Cd755f2F8c80a560AA84A06fE0Ad,0.09174717350279024
0x580A84C73811E1839F75d86d75d88cCa0c241fF4,0xfC51C423c55cFFB687202cAF59B715Af6d6f59ec,11.85817258310459
0x580A84C73811E1839F75d86d75d88cCa0c241fF4,0xf5589156104af21bB883A69Cf30D1259b2b57dc0,1.6896771120097211
0x580A84C73811E1839F75d86d75d88cCa0c241fF4,0x310A4c5bDF4ca87da3496E087A699e00292db6a2,27.191661491214077
0x580A84C73811E1839F75d86d75d88cCa0c241fF4,0xAe05850765c67FFAFC718a84FB70Fb80795e4C80,0.07645597791899189
0x580A84C73811E1839F75d86d75d88cCa0c241fF4,0x18075c1024c52EDFff1CdE62330E3Bacc8C5573b,0.20583861955579266
0x580A84C73811E1839F75d86d75d88cCa0c241fF4,0x0417eacEbFEABA74a6CD77778ba4792339Ceef52,0.4674759344644489
0x580A84C73811E1839F75d86d75d88cCa0c241fF4,0x5ECa30D0318BE9B0D107D87069d4D207EC776080,6.239446383539715
0x580A84C73811E1839F75d86d75d88cCa0c241fF4,0x31155F0c1cFf25BA2Aac8D8F17771cF789faa192,3.9183688683483355
0x580A84C73811E1839F75d86d75d88cCa0c241fF4,0x6F3a8f9fD0da6b3ea4860AD7df347A06F1C65bdB,8.60129751588659
0x580A84C73811E1839F75d86d75d88cCa0c241fF4,0x2afd960B2dcDE8C6279e9A3F42Db79Dc8C3a26fB,0.9748137184671468
0x580A84C73811E1839F75d86d75d88cCa0c241fF4,0x8680b61C2F2Ca7eC8D70AE7274b9dCF62b0426f9,2.5076344533258337
0x580A84C73811E1839F75d86d75d88cCa0c241fF4,0x5330D616c96118E6fc5290475B8eA377CfFB66B4,2.3701353154887492
0x580A84C73811E1839F75d86d75d88cCa0c241fF4,0x3c3A891D1A0885e3e96BBf98D4c540F2E39e1c25,11.468396687848786
0x580A84C73811E1839F75d86d75d88cCa0c241fF4,0xC05E18305293cA3d27f58127Bb54411a1211f805,2.3623672861659046
0x580A84C73811E1839F75d86d75d88cCa0c241fF4,0x3955192aC5ba00F9ec028Aea240d8177F48c70dC,49.69638564734474
0x580A84C73811E1839F75d86d75d88cCa0c241fF4,0xCe57ebEd9aC38402DcAA44f65a1c9b04e26b8283,9.367202004330128
0x580A84C73811E1839F75d86d75d88cCa0c241fF4,0x185481774FD30B770C80495B5FCD269d05d78631,0.09060033383400541
0x580A84C73811E1839F75d86d75d88cCa0c241fF4,0xC49b2BD71F3283Dd294daDa5851B39CF9Ef14ABb,0.39931095383313525
0x580A84C73811E1839F75d86d75d88cCa0c241fF4,0xd54099EFee4180C868FaeA08F98B8bFb4730238F,19.113994479747976
0x580A84C73811E1839F75d86d75d88cCa0c241fF4,0x9C48c80064975C01d5E4b7ed528aC1d124355CAF,0.5850875154259249
0x580A84C73811E1839F75d86d75d88cCa0c241fF4,0x56C162b34fD0BbB33Ce1aa56a1dECc2b6F58C228,0.9556997239873988
0x580A84C73811E1839F75d86d75d88cCa0c241fF4,0x7a57fA6B29796c4F329171FbC771FD941aD434A1,8.918589824250406
0x580A84C73811E1839F75d86d75d88cCa0c241fF4,0x59C22307e7BD4Df47E8dc22d76060046c456C14B,0.15291195583798378
0x580A84C73811E1839F75d86d75d88cCa0c241fF4,0x6E185f09e4521D2E3806eC1AA7EFe84435Bd3A0e,0.5011133945866132
0x580A84C73811E1839F75d86d75d88cCa0c241fF4,0x4ABA5C6B2F0B21C8E1A1E4e139f7B1bc0E86aC49,5.734198343924393
0x580A84C73811E1839F75d86d75d88cCa0c241fF4,0xa0463d9133F97968f30eF5e761eCbdE587dDd918,0.24807007327054942
0x580A84C73811E1839F75d86d75d88cCa0c241fF4,0x6F836a35c608C7b50C4C035D56F4f914e05A8D9d,26.75959227164717
0x580A84C73811E1839F75d86d75d88cCa0c241fF4,0x2DfDdC72B4a0b6027282539ED22e6239268c1cfB,7.2054428969931195
0x580A84C73811E1839F75d86d75d88cCa0c241fF4,0x4Cb6F0EF077841d8Cf35553c0362da8813710F41,0.075156226294369
0x580A84C73811E1839F75d86d75d88cCa0c241fF4,0x303f68639795A93778a205b8c050bd1D1136Cb95,2.696047810429445
0x580A84C73811E1839F75d86d75d88cCa0c241fF4,0x6d8e8DA575f803dEEC0288aa99b645662b0591f4,5.788909649582285
0x580A84C73811E1839F75d86d75d88cCa0c241fF4,0xCC6B30531DE603787a4D0305FC7eD404374Cf771,5.630251054644359
0x580A84C73811E1839F75d86d75d88cCa0c241fF4,0xe167b17d392914F671A90BC26195998dbEAa8F2D,3.096467105719172
0x580A84C73811E1839F75d86d75d88cCa0c241fF4,0xeeFD6537Adbda7b1A9Da3f6607dDA26b048489c2,74.24634547716535
0x580A84C73811E1839F75d86d75d88cCa0c241fF4,0x4623d0227a4E53F9668E372F1fd8F614425F1375,4.549431688538731
0x580A84C73811E1839F75d86d75d88cCa0c241fF4,0xAf4192b72Fb039D095a3f495e21641E3B256FfFB,1.1037591183864557
0x580A84C73811E1839F75d86d75d88cCa0c241fF4,0x44d91186003E0fa1e3229f50259f0f966dc4bEa6,0.07645597791899189
0x580A84C73811E1839F75d86d75d88cCa0c241fF4,0x15000952955C5D2E0ba799142A8A4Db8A51b4d65,2.3701353154887492
0x580A84C73811E1839F75d86d75d88cCa0c241fF4,0x1D90825D2DD9C8cfCAEf8b303E3Cf37ac38e93f1,58.45983826823124
0x580A84C73811E1839F75d86d75d88cCa0c241fF4,0xa426bFDDa22814a691FABcb44dCBE696b0fd16D8,1.4194113913276996
0x580A84C73811E1839F75d86d75d88cCa0c241fF4,0x64b238b98C80C7f9bd598c308D46C69407227Cd2,0.15291195583798378
0x580A84C73811E1839F75d86d75d88cCa0c241fF4,0xE57450ffbEC20a28ed6d9C29c4003271A1B15629,0.17202595031773174
0x580A84C73811E1839F75d86d75d88cCa0c241fF4,0x7bDBdE6c414BDD8f9D2fd5b882EBCF8A662EB947,5.734198343924393
0x580A84C73811E1839F75d86d75d88cCa0c241fF4,0x859af67cef624d3e4623c99C73c2D4F9F93b747b,0.031691002847422114
0x580A84C73811E1839F75d86d75d88cCa0c241fF4,0xc3C3c3e19197bCF54E74fB648D51eDdba697AEDc,1.4526635804608463
0x580A84C73811E1839F75d86d75d88cCa0c241fF4,0xc9B5678f6D44C9E11675e1eC1ac0a27fbA32BA12,0.05199006498491447
0x580A84C73811E1839F75d86d75d88cCa0c241fF4,0xf515B6615Eef244236e247B0235F25252C288a0e,35.56694380907296
0x580A84C73811E1839F75d86d75d88cCa0c241fF4,0xc03876Ddf9fBDc47AE66Bc4c7A639f0D78d90904,5.543058399126913
0x580A84C73811E1839F75d86d75d88cCa0c241fF4,0x7814b4ceE7fB171d08686D86A18feCcE39eEa573,34.40519006354636
0x580A84C73811E1839F75d86d75d88cCa0c241fF4,0xF69f081E630e95a407789935F14CE8ED5cb4a749,14.526635804608462
0x580A84C73811E1839F75d86d75d88cCa0c241fF4,0x9f594F0aC95e4a57D7eBDB3ba5840e7A89F688ED,73.06090965305161
0x580A84C73811E1839F75d86d75d88cCa0c241fF4,0xAC5bbb361F34175b93EAC35950de4d3d4c4CBBDF,3.8227988959495955
0x580A84C73811E1839F75d86d75d88cCa0c241fF4,0xF76BE8eb425bd59Ee003E4b62a0714b5C9A3b7fD,1.624689530778578
0x580A84C73811E1839F75d86d75d88cCa0c241fF4,0xbE570979B8292DC4d1663BE3E307e3828fE76Ab9,0.28670991719621963
0x580A84C73811E1839F75d86d75d88cCa0c241fF4,0x3285F150e7e1A176752959F2E830a31c078c038E,52.563484819306936
0x580A84C73811E1839F75d86d75d88cCa0c241fF4,0x83EC6Ca311cDC2a9033361261a60b156BadD7E1B,1.732846071121723
0x580A84C73811E1839F75d86d75d88cCa0c241fF4,0xaeB12fE49E546E3b6bc4b1E7188DdF9d6558375f,4.040698433018722
0x580A84C73811E1839F75d86d75d88cCa0c241fF4,0xc0A67eF6cfFd4c6bDAACb070476492371d04F699,0.43962187303420347
0x580A84C73811E1839F75d86d75d88cCa0c241fF4,0x5cddFACa17FB95190e9be6e4326Ab73863c9F17A,0.057341983439243877
0x580A84C73811E1839F75d86d75d88cCa0c241fF4,0xA016B59Cea666f53da4DA3C9F99B97dA1e0b016b,11.468396687848786
0x580A84C73811E1839F75d86d75d88cCa0c241fF4,0x1b2dDf359D2070d45A9Cef9C75214D088E64Af69,9.556997239873988
0x580A84C73811E1839F75d86d75d88cCa0c241fF4,0xd0214b7e8a7821A5Cb07024Bc00D64ece8Cc1067,13.379796135823584
0x580A84C73811E1839F75d86d75d88cCa0c241fF4,0x4CA212597c104dD7D900B1b6eD7619aEB6724C38,0.24080326630550358
0x580A84C73811E1839F75d86d75d88cCa0c241fF4,0x5F5130215A9Be6b34A986FaB0679A61DBBa1bDDc,38.22798895949595
0x580A84C73811E1839F75d86d75d88cCa0c241fF4,0xcD762194c835F469FE008B10F97B41373b301767,1.3379796135823585
0x580A84C73811E1839F75d86d75d88cCa0c241fF4,0xaBa8575aa4a62D3f52c54D7aaf2bc6938932505D,0.6944218849983549
0x580A84C73811E1839F75d86d75d88cCa0c241fF4,0x65826F122299F94035eD29654A55f59D6b396214,76.4559779189919
0x580A84C73811E1839F75d86d75d88cCa0c241fF4,0x0014c642ebEe2273D3790A485e4CF7674c34D886,1.5291195583798383
0x580A84C73811E1839F75d86d75d88cCa0c241fF4,0xB9F451e11d13060dF5995D1a57Ae5A747D263830,0.9968418333407025
0x580A84C73811E1839F75d86d75d88cCa0c241fF4,0x625978324C9A8040003B589715Cb27Cb0A62a7A6,4.969638564734474
0x580A84C73811E1839F75d86d75d88cCa0c241fF4,0xd26FB9AD17C50d562FC284Ca707948911D0869e0,0.841015757108911
0x580A84C73811E1839F75d86d75d88cCa0c241fF4,0xf0A8837071E4b4F27d6C1a5C2069Fd67275CBBf5,1.0321557019063907
0x580A84C73811E1839F75d86d75d88cCa0c241fF4,0x1fD6e15cD7548ec27443690cE5aa3320b1869c3D,274.1529156049053
0x580A84C73811E1839F75d86d75d88cCa0c241fF4,0x1F452f2beeA8C1105cd5363b18A0995367a87D97,0.5734198343924393
0x580A84C73811E1839F75d86d75d88cCa0c241fF4,0xdFE24CaaC6dd8bEF5A43586ADB7201C88387D6C0,0.28670991719621963
0x580A84C73811E1839F75d86d75d88cCa0c241fF4,0x63CaB85c41e549B97252299e1cAfC0aDBd742083,0.003447018188937942
0x580A84C73811E1839F75d86d75d88cCa0c241fF4,0x63Eb17f24FDF1a9e286831fE21ACf72C975E88fE,2.3363414030521077
0x580A84C73811E1839F75d86d75d88cCa0c241fF4,0x6494691C02B1377745866a46Afe90708Dc34cD9b,1.5291195583798383
0x580A84C73811E1839F75d86d75d88cCa0c241fF4,0x619BEd3784852595C4126Fc48583b69477ae9652,0.8070116678831258
0x580A84C73811E1839F75d86d75d88cCa0c241fF4,0x44D6D2937fc0904555472488A2d566b6afaE5Cc6,0.3822798895949595
0x580A84C73811E1839F75d86d75d88cCa0c241fF4,0x8Fa4Bee3787714f25Ea4E6Aa16b27438FDC0a5dd,0.018090672021356707
0x580A84C73811E1839F75d86d75d88cCa0c241fF4,0xb6C24c1A4b2DE7B19d91832775D06336D2dEC2E0,0.38351012201693346
0x580A84C73811E1839F75d86d75d88cCa0c241fF4,0x5E19Ca35f3292Cb6f8c7F73559734D300056e71d,0.02102142603575601
0x580A84C73811E1839F75d86d75d88cCa0c241fF4,0x53B0226155af1B36C6d8246Bbb5B2c85577114a2,0.07645597791899189
0x580A84C73811E1839F75d86d75d88cCa0c241fF4,0x52A92cB6aDe05dC9Dd9cf8724c6876aAff54285c,1.8384661537055245
0x580A84C73811E1839F75d86d75d88cCa0c241fF4,0x8602f06358084B54EB43ed648bFd7721C9d2466f,15.251707824761771
0x580A84C73811E1839F75d86d75d88cCa0c241fF4,0x21373fA7B22FF7492F1a1909f4e87706C1258dEA,2.863276373066247
0x580A84C73811E1839F75d86d75d88cCa0c241fF4,0xE17b347Be07A423e3EB0DEd3C3Db82e138a48F51,0.3822798895949595
0x580A84C73811E1839F75d86d75d88cCa0c241fF4,0x70E32fF7f289b3f592AFbDb6aF56D9595fa4D6Df,3.8227988959495955
0x580A84C73811E1839F75d86d75d88cCa0c241fF4,0x93614117cC5655873967783b184C93cd7AD74bB3,0.9336492315760022
0x580A84C73811E1839F75d86d75d88cCa0c241fF4,0xD099b4a525744eBD144d3218BF6Bf85e13357287,0.6881038012709272
0x580A84C73811E1839F75d86d75d88cCa0c241fF4,0x9f273C1fd76B09cB09278019A50991a5F6265b0D,1.9113994479747978
0x580A84C73811E1839F75d86d75d88cCa0c241fF4,0x5f73a24771940b8c80b3570694072f606DF913cc,0.24848192823672371
0x580A84C73811E1839F75d86d75d88cCa0c241fF4,0xe3035deCD6937ba6b961E96CfEAB62F0b51D6a7c,0.2328095418164357
0x580A84C73811E1839F75d86d75d88cCa0c241fF4,0x262416dbA10bB11B9813b4C5fDCa53DFb21FAdAB,76.45980071788786