erc20,0x3F56e0c36d275367b8C502090EDF38289b3dEa0d,0xb6bbE5a785F6cfEd3F65F2BA91AD20586B00f7E6,9.270402845058375171,
erc20,0x3F56e0c36d275367b8C502090EDF38289b3dEa0d,0x203444AdD0835d95AAbbf7Ab92b18a69e1F640F1,4.017651132242433739,
erc20,0x3F56e0c36d275367b8C502090EDF38289b3dEa0d,0x18C6A47AcA1c6a237e53eD2fc3a8fB392c97169b,3.793658159982286455,
erc20,0x3F56e0c36d275367b8C502090EDF38289b3dEa0d,0x72F8A4486fecAE174DA6d98C3c288587391b3Fc3,5.263396755100051173,
erc20,0x3F56e0c36d275367b8C502090EDF38289b3dEa0d,0x52F8B09FAc8E1B7D7dC45643CA27d0f573814AB8,10.326814054826546481,
erc20,0x3F56e0c36d275367b8C502090EDF38289b3dEa0d,0xE073182d644ebb5290cfa6915ba94312Fc73A679,7.246238053081255991,
erc20,0x3F56e0c36d275367b8C502090EDF38289b3dEa0d,0x9351c9f9062091d1c76b05b9446A34Aca2418c68,1.936116909710581217,
erc20,0x3F56e0c36d275367b8C502090EDF38289b3dEa0d,0x68DA9f01a7de69436f40af6a412ecBcc7Eb87EAD,8.934767627316879505,
erc20,0x3F56e0c36d275367b8C502090EDF38289b3dEa0d,0x4644DEC630abCeE2f4d3C94BA03C366960EA334b,9.43254479231405566,
erc20,0x3F56e0c36d275367b8C502090EDF38289b3dEa0d,0x94534412c17F2E58C85FF2D2eCb98a6Cb79bbde3,0.098544903521586162,
erc20,0x3F56e0c36d275367b8C502090EDF38289b3dEa0d,0x763c823E2bdd66538C85736B1784031Fa4d993F6,29.063171026247191852,
erc20,0x3F56e0c36d275367b8C502090EDF38289b3dEa0d,0x53A385d47D3a011539Ec377f53aCB410F53ff97d,1.665343951757081949,
erc20,0x3F56e0c36d275367b8C502090EDF38289b3dEa0d,0xd0214b7e8a7821A5Cb07024Bc00D64ece8Cc1067,155.431903989002697907,
erc20,0x3F56e0c36d275367b8C502090EDF38289b3dEa0d,0x7893cBC9e89245e0470fe3Ce9bb8bC3fb0bF27C3,4.139783270211275194,
erc20,0x3F56e0c36d275367b8C502090EDF38289b3dEa0d,0xcE507Cc4FEbD86362616b28B6D1c18AB3e2B63f0,2.232402661731755309,
erc20,0x3F56e0c36d275367b8C502090EDF38289b3dEa0d,0xb4D502361a3c6f823EEb9A99Af09E110382206ee,36.179541404890563742,
erc20,0x3F56e0c36d275367b8C502090EDF38289b3dEa0d,0x840647CB127112d0eDB9E6c3ce8E0c083b99516a,1.942898799862533693,
erc20,0x3F56e0c36d275367b8C502090EDF38289b3dEa0d,0x8F4973646C18059FDA3672d7b7Dd505E911b40D8,11.121365801160008767,
erc20,0x3F56e0c36d275367b8C502090EDF38289b3dEa0d,0x1B72Bac3772050FDCaF468CcE7e20deb3cB02d89,64.474359300548355333,
erc20,0x3F56e0c36d275367b8C502090EDF38289b3dEa0d,0xbF3450Be50A88eCFCed28B3ef1f61976Ce41115d,5.436253997105250486,
erc20,0x3F56e0c36d275367b8C502090EDF38289b3dEa0d,0xC6e87ADF4133Cc61CacDA134e79c243De9dB3E69,2.358441534417551514,
erc20,0x3F56e0c36d275367b8C502090EDF38289b3dEa0d,0x871E04385ce40921F15103Bd78Ebd48276741507,1.110227885635733525,
erc20,0x3F56e0c36d275367b8C502090EDF38289b3dEa0d,0xdD876033288d1D4e26F7458C832e2dA1c8519419,9.436937027903735203,
erc20,0x3F56e0c36d275367b8C502090EDF38289b3dEa0d,0x9c57027B1eca93093a6F446422C59C85A5A3Fa52,3.400233413174636796,
erc20,0x3F56e0c36d275367b8C502090EDF38289b3dEa0d,0x17183D38341924EC9c1FDF235e17C67FE339f897,1.223099133174751004,
erc20,0x3F56e0c36d275367b8C502090EDF38289b3dEa0d,0x597BEa912e8734E17DDc4f43A489a1472d9459cF,2.089816141747804972,
erc20,0x3F56e0c36d275367b8C502090EDF38289b3dEa0d,0x8a30Fd92823D5ACF7C74d8c6fC54143934caD3d6,8.433211289286811869,
erc20,0x3F56e0c36d275367b8C502090EDF38289b3dEa0d,0x7d57244b39A9F468181D76dBA89DA95ee7E0D7cc,3.885792694298952041,
erc20,0x3F56e0c36d275367b8C502090EDF38289b3dEa0d,0x4d3869e2451D28bB4f03AedA60322EAf01E912db,10.628232689908981496,
erc20,0x3F56e0c36d275367b8C502090EDF38289b3dEa0d,0x34Ff77A853A14579d2120Ac08C5e342CEe08AD71,2.997615291216480576,
erc20,0x3F56e0c36d275367b8C502090EDF38289b3dEa0d,0xDC4471ee9DFcA619Ac5465FdE7CF2634253a9dc6,103.988473444331222173,
erc20,0x3F56e0c36d275367b8C502090EDF38289b3dEa0d,0x7803461284401fCd4880965F6F26D93333f47134,3.063090115938538289,
erc20,0x3F56e0c36d275367b8C502090EDF38289b3dEa0d,0xd494033AecB97d4FF84b7fb2bE33e76FEd69F66A,3.695462243803481748,
erc20,0x3F56e0c36d275367b8C502090EDF38289b3dEa0d,0x522d634b6BFfb444FdbCdE5932738995A4cfd1F1,19.928418017367564661,
erc20,0x3F56e0c36d275367b8C502090EDF38289b3dEa0d,0x036631a163767EC4B518bA3C234185811f7D9827,1.521096489310934125,
erc20,0x3F56e0c36d275367b8C502090EDF38289b3dEa0d,0xb964daD306ba4D74d906da4A48602C908e0Af5cC,1.419081402434090043,
erc20,0x3F56e0c36d275367b8C502090EDF38289b3dEa0d,0xf26fCe5b6ceaf61497C3b0fB62AF9DE8A881DE21,3.146617045355416321,
erc20,0x3F56e0c36d275367b8C502090EDF38289b3dEa0d,0xe419221E9701FfADA0c3236DF4eAEBb66882AF47,2.679127323487044127,
erc20,0x3F56e0c36d275367b8C502090EDF38289b3dEa0d,0x37A7cA65608d2F2E1e2fD8da662fF9B160aB5E94,1.110227885635733525,
erc20,0x3F56e0c36d275367b8C502090EDF38289b3dEa0d,0xdf631777df4DebcBcd647e85bdcB868b43663BA0,34.518417118925956043,
erc20,0x3F56e0c36d275367b8C502090EDF38289b3dEa0d,0xa33459B000445e6693E5829954a4567bCF363539,1.776364617017173662,
erc20,0x3F56e0c36d275367b8C502090EDF38289b3dEa0d,0x1AB2ff848031BffBcA39fAd061551B3cf82d9575,1.130464482510779277,
erc20,0x3F56e0c36d275367b8C502090EDF38289b3dEa0d,0x5368f2D2Bd5e37F317c53BAf1A7996B5E432F34C,2.371456716609804334,
erc20,0x3F56e0c36d275367b8C502090EDF38289b3dEa0d,0x7441CB7D4940cE9Ecd8738A44aFC7b94a089C207,1.110227885635733525,
erc20,0x3F56e0c36d275367b8C502090EDF38289b3dEa0d,0x90299EC59b94398a3a31a795Bc585F743d0e5Cc9,0.776792996862477944,
erc20,0x3F56e0c36d275367b8C502090EDF38289b3dEa0d,0x3b53FCcDC42870cCa29244c3843FecD7A5544a45,0.605742968468875776,
erc20,0x3F56e0c36d275367b8C502090EDF38289b3dEa0d,0x962FE14570aE5B81a35120de1585999A75d0B280,3.020045739996690501,
erc20,0x3F56e0c36d275367b8C502090EDF38289b3dEa0d,0xB802040a859DCe6fF61f857900E5d06849483c01,6.609571236958091423,
erc20,0x3F56e0c36d275367b8C502090EDF38289b3dEa0d,0x4E901645a3f4c9cab16dd56D38028C3Dc0bc804a,2.164944376989680406,
erc20,0x3F56e0c36d275367b8C502090EDF38289b3dEa0d,0x791437Cc4fA77c534B8B55D0Cc6f06C9cAB5EbB5,175.919996988381688986,
erc20,0x3F56e0c36d275367b8C502090EDF38289b3dEa0d,0xecBf0AA9EAd17d2BF7bd8AA83a0CDc8510A75a7b,7.875681827638762436,
erc20,0x3F56e0c36d275367b8C502090EDF38289b3dEa0d,0x38430336153468dcf36Af5cea7D6bc472425633A,0.395119823768934607,
erc20,0x3F56e0c36d275367b8C502090EDF38289b3dEa0d,0xB21731D830b7e8460E5D6c66Dc1CcC0A5D0A6B87,6.661367313814401309,
erc20,0x3F56e0c36d275367b8C502090EDF38289b3dEa0d,0x1754352eacb753327Fec2d4F48f0fb36B672C5e0,2.8115563023838506,
erc20,0x3F56e0c36d275367b8C502090EDF38289b3dEa0d,0x367909655f3be562F024DE6e74a06438c077c44A,1.121330164492090861,
erc20,0x3F56e0c36d275367b8C502090EDF38289b3dEa0d,0xAaf90326993Bff92abFCf30FecAd3b42b5981C97,0.805837003519857799,
erc20,0x3F56e0c36d275367b8C502090EDF38289b3dEa0d,0x9484b99a8e20ecA1b0DaFACb08CC337CCf908D5D,0.753642988340519507,
erc20,0x3F56e0c36d275367b8C502090EDF38289b3dEa0d,0x6517c1B5C3589470A52B5767E50c699b57Ea3391,2.242660328984181758,
erc20,0x3F56e0c36d275367b8C502090EDF38289b3dEa0d,0xdF08dfb2752C2bF55facc363f1568d4cf9606110,4.463116100255648867,
erc20,0x3F56e0c36d275367b8C502090EDF38289b3dEa0d,0x1282f34438cB205D201DD357398b85E7729Dd3a2,1.121330164492090861,
erc20,0x3F56e0c36d275367b8C502090EDF38289b3dEa0d,0x1708E292F99A4bcAFC99E79df3c47c43501193a3,1.215734556217802882,
erc20,0x3F56e0c36d275367b8C502090EDF38289b3dEa0d,0x0E1C29CA6d943B69cD7eC94D1bf7f7c675824F73,1.111686920894563383,
erc20,0x3F56e0c36d275367b8C502090EDF38289b3dEa0d,0x76Da9F88e63a85Ba8BFA19F3821D5A271753D3dc,0.146425376731401563,
erc20,0x3F56e0c36d275367b8C502090EDF38289b3dEa0d,0x77BFeCac1D1Eb046D8a75C1D4cdABe267180646c,0.856764155404674014,
erc20,0x3F56e0c36d275367b8C502090EDF38289b3dEa0d,0xddF8eB9ABE01C6bAF5f1308A3173A69F95FA6cE2,1.232038683512624238,
erc20,0x3F56e0c36d275367b8C502090EDF38289b3dEa0d,0xbfEc0d235c11674178171a24a75C642b510A8136,0.656457138746549641,
erc20,0x3F56e0c36d275367b8C502090EDF38289b3dEa0d,0xD352660819E36740df1898387E65CC0104Eb6f67,3.622387344369430004,
erc20,0x3F56e0c36d275367b8C502090EDF38289b3dEa0d,0x3e2178CF851A0e5cbF84c0ff53f820ad7EAD703b,6.925343509362041809,
erc20,0x3F56e0c36d275367b8C502090EDF38289b3dEa0d,0x11B1785D9Ac81480c03210e89F1508c8c115888E,1.186070121314929984,
erc20,0x3F56e0c36d275367b8C502090EDF38289b3dEa0d,0xDCF7bE2ff93E1a7671724598b1526F3A33B1eC25,0.146425376731401563,
erc20,0x3F56e0c36d275367b8C502090EDF38289b3dEa0d,0xE880F32E33061919D09811EeE00Ee94392cd4fde,1.665341828453600309,
erc20,0x3F56e0c36d275367b8C502090EDF38289b3dEa0d,0x4858C12092f6d767ADe62Bebbd7ab282Ced15fEA,1.122902353074286873,
erc20,0x3F56e0c36d275367b8C502090EDF38289b3dEa0d,0x0CF30daf2Fb962Ed1d5D19C97F5f6651F3b691c1,0.805837003519857799,
erc20,0x3F56e0c36d275367b8C502090EDF38289b3dEa0d,0xfB953D5c69bB04461b74e13655072eaE8fB384Da,1.111338113521369264,
erc20,0x3F56e0c36d275367b8C502090EDF38289b3dEa0d,0xBBDE1E05d96c5C4F7e377D5EaEd21Cac08A92945,6.1704419638989566,
erc20,0x3F56e0c36d275367b8C502090EDF38289b3dEa0d,0xd5735ca19C7653aB972c8C3b601cBC8C127Adbf7,1.181622849743789374,
erc20,0x3F56e0c36d275367b8C502090EDF38289b3dEa0d,0x420094a403fF68392393b179b6b9e810194f858c,1.665341828453600309,
erc20,0x3F56e0c36d275367b8C502090EDF38289b3dEa0d,0x95826191B51c3c5378B8B3Eb09A79fC54b34e9D9,1.121330164492090861,
erc20,0x3F56e0c36d275367b8C502090EDF38289b3dEa0d,0x29E8De7255a29169B66d7a1FA0922f9dee727393,0.764289912016550094,
erc20,0x3F56e0c36d275367b8C502090EDF38289b3dEa0d,0x5B7ab4B4B4768923cDdef657084223528C807963,1.381678811957619126,
erc20,0x3F56e0c36d275367b8C502090EDF38289b3dEa0d,0x9D3f10F5D553DDA3F36E09aB0c3C757BA99e8894,1.064177856499737641,
erc20,0x3F56e0c36d275367b8C502090EDF38289b3dEa0d,0x4A5EfA846e7375a40DcD596c7C6DAdB28df28AE4,1.121330164492090861,
erc20,0x3F56e0c36d275367b8C502090EDF38289b3dEa0d,0x7f326331F51CC51743aA7831AeFd910F79B34AA5,1.120270407698945614,
erc20,0x3F56e0c36d275367b8C502090EDF38289b3dEa0d,0x57478b221022952C825668f105D2EE29c8B87ba4,1.170595642149711412,
erc20,0x3F56e0c36d275367b8C502090EDF38289b3dEa0d,0xFfF6b41a29881fC97bD6E8778529B1E37597d94a,1.121330164492090861,
erc20,0x3F56e0c36d275367b8C502090EDF38289b3dEa0d,0xD01A6579214fc6E9cF60773939c2F696d4660714,1.110227885635733525,
erc20,0x3F56e0c36d275367b8C502090EDF38289b3dEa0d,0xF4B93a76bfedbaA5DD58C37C438bDe519E881B37,0.833697313002689308,
erc20,0x3F56e0c36d275367b8C502090EDF38289b3dEa0d,0x6eA874F79724963bDAeF8654a8be0bd599faC8e7,0.805837003519857799,
erc20,0x3F56e0c36d275367b8C502090EDF38289b3dEa0d,0x171C8bE8b92674F7d7B0593ACA4619a25a40b6F0,0.574950156195068313,
erc20,0x3F56e0c36d275367b8C502090EDF38289b3dEa0d,0x1dcB25C050D065f7b5C0E664f7795475ea3323af,1.468554994118449447,
erc20,0x3F56e0c36d275367b8C502090EDF38289b3dEa0d,0x729B82d268cECf3dc26E5b4e746e9BcD0b9e3EDB,1.121330164492090861,
erc20,0x3F56e0c36d275367b8C502090EDF38289b3dEa0d,0xb48eD686918f33e4cC2e71c530FF2DfBFc7d5634,1.024393741435065379,
erc20,0x3F56e0c36d275367b8C502090EDF38289b3dEa0d,0x6692a5d1f0c6551A34c8d98b73bd71E1b315b3F6,1.12153493080035587,
erc20,0x3F56e0c36d275367b8C502090EDF38289b3dEa0d,0x1D19dA85322C5F14201bE546c326E0e6f521B6E6,0.809798920353985144,
erc20,0x3F56e0c36d275367b8C502090EDF38289b3dEa0d,0xdE192B7E66920D881Bd94d0BE6840fD39E5FB744,1.132432443348448197,
erc20,0x3F56e0c36d275367b8C502090EDF38289b3dEa0d,0xb75A7B6AB64C7fF15d8AAFBC38cd7B65962EAA7e,1.121330164492090861,
erc20,0x3F56e0c36d275367b8C502090EDF38289b3dEa0d,0x386Bd349B8395a73c22C3d13717c107090319EE9,1.110227885635733525,
erc20,0x3F56e0c36d275367b8C502090EDF38289b3dEa0d,0x7DC130E21cf30C5e3ADfC46664f55ff2c49502dd,0.805837003519857799,
erc20,0x3F56e0c36d275367b8C502090EDF38289b3dEa0d,0x9628bE77Fb3dcd890fD93A5d039092FcA855D3cC,0.663021710134015136,
erc20,0x3F56e0c36d275367b8C502090EDF38289b3dEa0d,0xAAC47732A9617bD6e2881eb703C07f60f9a9a6Fa,1.121330164492090861,
erc20,0x3F56e0c36d275367b8C502090EDF38289b3dEa0d,0xb9dFaDc21D67508677017c9e895377b30dF147E3,0.72663707371769415,
erc20,0x3F56e0c36d275367b8C502090EDF38289b3dEa0d,0xA198E245BF6929C1a1899E36BF957417143D4f7f,1.165739279917520208,
erc20,0x3F56e0c36d275367b8C502090EDF38289b3dEa0d,0x708ED5aBBc903db48916aCF9c90ed9237C6931c7,1.122700869107703147,
erc20,0x3F56e0c36d275367b8C502090EDF38289b3dEa0d,0x59fcd2ac63B1B135363f468Bb51E44fb4f69B38f,1.12517074557122613,
erc20,0x3F56e0c36d275367b8C502090EDF38289b3dEa0d,0x1254Df8581B92609F087A505F77B4a9Dc89502C3,1.110227885635733525,
erc20,0x3F56e0c36d275367b8C502090EDF38289b3dEa0d,0xa31B444F2CFd111d16D61335247E66Bc491c9039,1.121330164492090861,
erc20,0x3F56e0c36d275367b8C502090EDF38289b3dEa0d,0x3D1d397ACD3b0989d9e633d6DBF7E6F8F5c03a2D,4.496422936824720878,
erc20,0x3F56e0c36d275367b8C502090EDF38289b3dEa0d,0x9C529Af39499Eec506aC31fDfA13bb299C2C2A55,2.886592502652907218,
erc20,0x3F56e0c36d275367b8C502090EDF38289b3dEa0d,0x0Ab7F44E4Fa3c8279281456d099335AC99ee184B,2.899365620756215117,
erc20,0x3F56e0c36d275367b8C502090EDF38289b3dEa0d,0xc3990E3432891450c18F33Baf8D2Db53AE5D30eb,2.459699460944030247,
erc20,0x3F56e0c36d275367b8C502090EDF38289b3dEa0d,0x205da42Bd401D06BE40a846D28D72740e8C2C775,0.900127006017902555,
erc20,0x3F56e0c36d275367b8C502090EDF38289b3dEa0d,0xdC7F3c5Fc1Ce22E8D8F2C35029055BCC06eA1Dfc,0.787748566495859571,
erc20,0x3F56e0c36d275367b8C502090EDF38289b3dEa0d,0x934681fB45fD29207854243119C13BBfC11c9C67,1.036259108968214335,
erc20,0x3F56e0c36d275367b8C502090EDF38289b3dEa0d,0x7664bEdd37e4a609D576A6EAa724Eaed00267a1d,1.110227885635733525,
erc20,0x3F56e0c36d275367b8C502090EDF38289b3dEa0d,0xE335eA94352a4D9280Aef9232B3762c5234380d6,0.395420039665973684,
erc20,0x3F56e0c36d275367b8C502090EDF38289b3dEa0d,0x17dfD18987B6B131686fea478600b75D11193335,0.663021710134015136,
erc20,0x3F56e0c36d275367b8C502090EDF38289b3dEa0d,0xbdB5c0B84996DE6EBc5fF0C232Db4381d40ed3a3,0.541615418531944973,
erc20,0x3F56e0c36d275367b8C502090EDF38289b3dEa0d,0xE1aA441644ebB251EC57F63365BE55D2668F5967,0.776792996862477944,
erc20,0x3F56e0c36d275367b8C502090EDF38289b3dEa0d,0x412182e674C8990B12C5e87cEDae5C9322989f0E,1.110227885635733525,
erc20,0x3F56e0c36d275367b8C502090EDF38289b3dEa0d,0xF354a823865d034c4b2695818208eb721ED65De4,0.371848222239233631,
erc20,0x3F56e0c36d275367b8C502090EDF38289b3dEa0d,0x7B85f197f6944aa5cA32d46EE3b0173Ea33Fa052,0.807901848241405877,
erc20,0x3F56e0c36d275367b8C502090EDF38289b3dEa0d,0x06e4FFc7B678Bc5825B8721CcfC855eA928F724A,1.110021184935270899,
erc20,0x3F56e0c36d275367b8C502090EDF38289b3dEa0d,0x574CF9b972D8673D7C94C6F7198Da0Da157db803,1.121330164492090861,
erc20,0x3F56e0c36d275367b8C502090EDF38289b3dEa0d,0x66E049f349736767e9A2ee0988e319Cb61d0FA4B,1.121330164492090861,
erc20,0x3F56e0c36d275367b8C502090EDF38289b3dEa0d,0xb760bd106F186417a980757005DF91644eC8B7a1,1.121330164492090861,
erc20,0x3F56e0c36d275367b8C502090EDF38289b3dEa0d,0x68ecB5BD0476EcF7303b2737cba1D8Ad5476e366,0.874681271591896175,
erc20,0x3F56e0c36d275367b8C502090EDF38289b3dEa0d,0x38A44113eB05C92D268221395270d1677b4D239F,0.805837003519857799,
erc20,0x3F56e0c36d275367b8C502090EDF38289b3dEa0d,0x8dc871bc401f97E296a1AC5CCA75C4AAE693235c,0.922443944154690453,
erc20,0x3F56e0c36d275367b8C502090EDF38289b3dEa0d,0x2eD88964f096C4311e6F47164821aDe7d3B1C7A4,1.221250674199306886,
erc20,0x3F56e0c36d275367b8C502090EDF38289b3dEa0d,0xeefF1559B2876E90a6CF341ac4D37e84DBA5e8C5,1.159578835414337981,
erc20,0x3F56e0c36d275367b8C502090EDF38289b3dEa0d,0xFF6905a81Ca07db929569a1dA1A4d4E5f098d35D,1.165739279917520208,
erc20,0x3F56e0c36d275367b8C502090EDF38289b3dEa0d,0xBe05205E9ECd654EDCf5B2804D9de78cAb143BC6,1.165739279917520208,
erc20,0x3F56e0c36d275367b8C502090EDF38289b3dEa0d,0x02058C65a69f14841Ec7Ca2711F00292Adf1fd7b,1.121330164492090861,
erc20,0x3F56e0c36d275367b8C502090EDF38289b3dEa0d,0x4929f4d38F2955649b5aa34343da04cf790B9D92,2.220455771271467082,
erc20,0x3F56e0c36d275367b8C502090EDF38289b3dEa0d,0xbD46cD0e482e7979B37a16E43C831Fc9C1bEc997,3.794322261955057053,
erc20,0x3F56e0c36d275367b8C502090EDF38289b3dEa0d,0x90304795fAB3eC9F6C453B659489960578259d61,0.771857138868199104,
erc20,0x3F56e0c36d275367b8C502090EDF38289b3dEa0d,0xdB7F7eB6776ea3848e50bB60Be6ff17b7e893ed3,1.135127288751110989,
erc20,0x3F56e0c36d275367b8C502090EDF38289b3dEa0d,0xc9f40dDb6B288BD3539Ad35CBFAE86883C6A0bAd,5.970266917957386843,
erc20,0x3F56e0c36d275367b8C502090EDF38289b3dEa0d,0xcd66a0Ae53cC1F58B2E709E5DeF44d06a19C71Ce,2.997615291216480576,
erc20,0x3F56e0c36d275367b8C502090EDF38289b3dEa0d,0xaDc8B15a7bD8d3b4B73708bC839bE2fd2e5B05b1,1.532965059632043844,
erc20,0x3F56e0c36d275367b8C502090EDF38289b3dEa0d,0x712399d6f258d5410e54C5A7351F3aDC29f61E1c,0.092076125157096539,
erc20,0x3F56e0c36d275367b8C502090EDF38289b3dEa0d,0x4A8a3012787A75f73a0AA59163F7D593725D1636,0.146425376731401563,
erc20,0x3F56e0c36d275367b8C502090EDF38289b3dEa0d,0xF7Dc1b23C904E0CA611ed2E77ECEF2FC8e20991e,0.301618186083156185,
erc20,0x3F56e0c36d275367b8C502090EDF38289b3dEa0d,0x3f456dD40913b8C9DE9f4F5F2213A152c57Ff6cf,0.867977191982896038,
erc20,0x3F56e0c36d275367b8C502090EDF38289b3dEa0d,0x4eE2FecC516a55F1b83Af85287735ff02AffA499,1.176841558773877539,
erc20,0x3F56e0c36d275367b8C502090EDF38289b3dEa0d,0x18d3f37C57aCc38557607961451E15C6E8306cCd,0.564182727637442683,
erc20,0x3F56e0c36d275367b8C502090EDF38289b3dEa0d,0xC7ebD2FacddDa89A79c195EB5f60E5831cC50647,1.110227885635733525,
erc20,0x3F56e0c36d275367b8C502090EDF38289b3dEa0d,0xF1E223D569bdC9f6C887Be0f3C303cbFB6c715Be,1.119127152002170172,
erc20,0x3F56e0c36d275367b8C502090EDF38289b3dEa0d,0xC7C3aAd02080Ab0B7343e8df3b9A7c3708850Cd6,1.849886105296456791,
erc20,0x3F56e0c36d275367b8C502090EDF38289b3dEa0d,0xE551388B683BB1E34e27E5a7b00eaBE79b080Bf7,8.604266113676935035,
erc20,0x3F56e0c36d275367b8C502090EDF38289b3dEa0d,0x17Fe4ED21e35B5ad800179b0c20447cA3F5280Db,0.776792996862477944,
erc20,0x3F56e0c36d275367b8C502090EDF38289b3dEa0d,0xbE681d305f9AC149eAA565bebb4A125eeB06D7A0,1.110227885635733525,
erc20,0x3F56e0c36d275367b8C502090EDF38289b3dEa0d,0x364F7Fd945B8c76C3C77d6ac253f1fEa3B65E00d,0.586304878260366765,
erc20,0x3F56e0c36d275367b8C502090EDF38289b3dEa0d,0xf0772Eb66Bdb39A953273ab1F8a5A086DB247d3A,0.280076806098272018,
erc20,0x3F56e0c36d275367b8C502090EDF38289b3dEa0d,0xA0531c3B0209fCA4FAAfe0aea0944C623fbdcB0e,0.747170179427667703,
erc20,0x3F56e0c36d275367b8C502090EDF38289b3dEa0d,0xa1acaDDd259649d470B42C95738E5e89C8d8A233,1.630271505910984501,
erc20,0x3F56e0c36d275367b8C502090EDF38289b3dEa0d,0xdc1658adC1db53Ee7a6bAc623DA898670c282D09,1.121330164492090861,
erc20,0x3F56e0c36d275367b8C502090EDF38289b3dEa0d,0xD3CFe4BCc290bf28a3F869d7ef714249484E1827,0.224815909720431385,
erc20,0x3F56e0c36d275367b8C502090EDF38289b3dEa0d,0x052BD5f9f78E0c97C37420d66E900306ec607373,20.467830317230835375,
erc20,0x3F56e0c36d275367b8C502090EDF38289b3dEa0d,0xae8E2b4abB13DE393515ef5aBAd7e35a2B11Ba6d,1.069078885608598709,
erc20,0x3F56e0c36d275367b8C502090EDF38289b3dEa0d,0x26F0Bbd93fC772B1394BeaF383338A54FD08ac14,0.154277368725079678,
erc20,0x3F56e0c36d275367b8C502090EDF38289b3dEa0d,0x8C702A9a6e0cd14a53251C630743c4F5327eddE8,0.74945937406622775,
erc20,0x3F56e0c36d275367b8C502090EDF38289b3dEa0d,0x839551ad5Cd3A17061eB11A3fBB6141293eB92a2,0.805837003519857799,
erc20,0x3F56e0c36d275367b8C502090EDF38289b3dEa0d,0x0372eb65f115f4B79cfCC7F9Dc796E4F161Cd7F9,1.098992048828719376,
erc20,0x3F56e0c36d275367b8C502090EDF38289b3dEa0d,0xf7F34d077dD46124274dB032F417712d514752e7,1.312914277493099306,
erc20,0x3F56e0c36d275367b8C502090EDF38289b3dEa0d,0x70e1169E6e7340F531b20bf96a2D6D6a77918be1,1.362223829850279636,
erc20,0x3F56e0c36d275367b8C502090EDF38289b3dEa0d,0x55842426EcF8Bc5Ae830550e9cc8936Ddccb253c,1.121329625429480569,
erc20,0x3F56e0c36d275367b8C502090EDF38289b3dEa0d,0xF129E490B71257748e3a4B7a21DDB81671c615E9,0.997814850894755468,
erc20,0x3F56e0c36d275367b8C502090EDF38289b3dEa0d,0xe72Ccc734b373DC17Eae243Dd19B4021C67F73d3,3.33068365690720064,
erc20,0x3F56e0c36d275367b8C502090EDF38289b3dEa0d,0x6a8076e1b8fC43D5e07d03Ba090d7a19e1cdafd1,0.805837003519857799,
erc20,0x3F56e0c36d275367b8C502090EDF38289b3dEa0d,0x09df8e09C6Cb68c7832e215e9769F3140DA85673,1.04901698084310149,
erc20,0x3F56e0c36d275367b8C502090EDF38289b3dEa0d,0x009C07CC41a358176C97b525284D50F4960BC939,0.891214857443467876,
erc20,0x3F56e0c36d275367b8C502090EDF38289b3dEa0d,0x46331769A8a01947E07C310704893076a3409d36,0.917230712099188276,
erc20,0x3F56e0c36d275367b8C502090EDF38289b3dEa0d,0x8Fb3C88A963Fe5d0Aa5edB2fe6E97D49520D9875,0.292480857480104151,
erc20,0x3F56e0c36d275367b8C502090EDF38289b3dEa0d,0x962750859D6605E33a08bA6eC61267395c16eB7B,1.192878030367322861,
erc20,0x3F56e0c36d275367b8C502090EDF38289b3dEa0d,0x35c9B0c077c55B8FC6D5E90294a351486b2558c3,0.353093595112250223,
erc20,0x3F56e0c36d275367b8C502090EDF38289b3dEa0d,0x1e86218Cf301D95b98DAC9BD8eBFd5A0b0a7D4Ef,1.295308376640505451,
erc20,0x3F56e0c36d275367b8C502090EDF38289b3dEa0d,0x0f696812F40D52327B8cc419b1044b0e9C162ac9,0.663021710134015136,
erc20,0x3F56e0c36d275367b8C502090EDF38289b3dEa0d,0x8e2F7D5aAAE5ABbD5052aCb74019b9b11cb74349,0.164565492721930894,
erc20,0x3F56e0c36d275367b8C502090EDF38289b3dEa0d,0x8E6136Ce3572D5C9be30b06b0bC1838F36A16f21,1.109981969317006567,
erc20,0x3F56e0c36d275367b8C502090EDF38289b3dEa0d,0x3CBD3d635eBfc6dc3Dc3e3A71e2B36123B66E891,0.164565492721930894,
erc20,0x3F56e0c36d275367b8C502090EDF38289b3dEa0d,0x7601A873A53E367e2A0462c4A0E30e59374f5dB8,1.110227885635733525,
erc20,0x3F56e0c36d275367b8C502090EDF38289b3dEa0d,0xf7125120bc41758fB157cbD18c2F012005eD48D2,1.110227885635733525,
erc20,0x3F56e0c36d275367b8C502090EDF38289b3dEa0d,0x69fA47a7c4C80D23a25B72e4fF2Bf2CB7f2400CE,0.683449044220650018,
erc20,0x3F56e0c36d275367b8C502090EDF38289b3dEa0d,0x4BDFAE7d2A6FC206c5a80f4d41e683a5D5b30D5b,1.110227885635733525,
erc20,0x3F56e0c36d275367b8C502090EDF38289b3dEa0d,0x4F61c6496e3464911eBb81C67c13A9FFCeA9Efc5,1.132524301145579374,
erc20,0x3F56e0c36d275367b8C502090EDF38289b3dEa0d,0x73DD5D06dA041924ba2C301b45d01c1D838bc55F,2.212108097135255715,
erc20,0x3F56e0c36d275367b8C502090EDF38289b3dEa0d,0xe6e6C8520983e0cA7c3B80B473489a0d9BE58017,0.931146737644213497,
erc20,0x3F56e0c36d275367b8C502090EDF38289b3dEa0d,0x6EC03eE16bcD001A73B18331b954542368F79e45,5.579885679345672147,
erc20,0x3F56e0c36d275367b8C502090EDF38289b3dEa0d,0xC52ef9d973ebe0a98519916cbDFAc7c40F61B184,0.778837397576881981,
erc20,0x3F56e0c36d275367b8C502090EDF38289b3dEa0d,0xb5F2949aADDd62C07AB10FFd39964fAF60887560,1.208891253711591318,
erc20,0x3F56e0c36d275367b8C502090EDF38289b3dEa0d,0xa807902FbcB8B9692333fD6A5Be5645f053D3eD8,1.109879865582631693,
erc20,0x3F56e0c36d275367b8C502090EDF38289b3dEa0d,0xCd57F900515B856d3a069c74c10E63FcAD1b4B48,0.628035823617099584,
erc20,0x3F56e0c36d275367b8C502090EDF38289b3dEa0d,0x8d1509e0240EbA23CCCD58941Fa2b5D7fF1fc70f,0.801380179168998958,
erc20,0x3F56e0c36d275367b8C502090EDF38289b3dEa0d,0x475476708AE9d5eE62b0E977aA37d4dd16281926,0.14130494454801946,
erc20,0x3F56e0c36d275367b8C502090EDF38289b3dEa0d,0x4C55ADF88fe327BefbA5dd15000b039B818f365F,1.221250674199306886,
erc20,0x3F56e0c36d275367b8C502090EDF38289b3dEa0d,0x29E78e2438E589A0054d45b8a5f6C2eEEE9A68Df,1.330388814781959414,
erc20,0x3F56e0c36d275367b8C502090EDF38289b3dEa0d,0xc63A6888Cf3e6Ff79d7FE3263487943ed08eA054,1.121330164492090861,
erc20,0x3F56e0c36d275367b8C502090EDF38289b3dEa0d,0xE7e95e74C94F72d711C3D2Ae1F2BAa7a9571eEA4,1.110227885635733525,
erc20,0x3F56e0c36d275367b8C502090EDF38289b3dEa0d,0xF11EF36611f83bc2A8b32ce952195fc21633BD01,1.57674525893595646,
erc20,0x3F56e0c36d275367b8C502090EDF38289b3dEa0d,0x2d82c7292256326e2183DA5C9026003f70F59253,1.110227885635733525,
erc20,0x3F56e0c36d275367b8C502090EDF38289b3dEa0d,0x53b015573630d248a32b11b21E5443EFb92D9CFB,1.176540185623631584,
erc20,0x3F56e0c36d275367b8C502090EDF38289b3dEa0d,0x9745331c63b6Fb5E1E348Dfd54BFDe5aFCdE0C24,0.198693651772454424,
erc20,0x3F56e0c36d275367b8C502090EDF38289b3dEa0d,0xAb93d72C0f8128A50BA56E2eFF34ADEa26d1E7f0,1.111338113521369264,
erc20,0x3F56e0c36d275367b8C502090EDF38289b3dEa0d,0xA903Bb753d03Ae3b58B6b5c55c300af472287A80,0.179331141986849606,
erc20,0x3F56e0c36d275367b8C502090EDF38289b3dEa0d,0x6aa954d5748a95f516933c95661815845869c663,0.997153346922121415,
erc20,0x3F56e0c36d275367b8C502090EDF38289b3dEa0d,0xc531eE6b5cc1976E63FDeAbf2B65466D81932ED5,1.141248440771931372,
erc20,0x3F56e0c36d275367b8C502090EDF38289b3dEa0d,0xcBf878c15A011411C7CcAbF68Cc0Fb19318b81d3,1.132432443348448197,
erc20,0x3F56e0c36d275367b8C502090EDF38289b3dEa0d,0xcaE7D0dADafC547fD7B343D401afC0527478f76A,1.509851419117064209,
erc20,0x3F56e0c36d275367b8C502090EDF38289b3dEa0d,0xDF2BA6bf1D1A2347B28d2E5869C338aEBD8daE3b,1.110227885635733525,
erc20,0x3F56e0c36d275367b8C502090EDF38289b3dEa0d,0x3Eedb85DA27CAC4ec83ab5A8A38F18b0eDbC7042,1.665341828453600309,
erc20,0x3F56e0c36d275367b8C502090EDF38289b3dEa0d,0x94B70943E89f8220755fC7e0f8Ff955da9a8A9c8,1.12810866729432433,
erc20,0x3F56e0c36d275367b8C502090EDF38289b3dEa0d,0x5e8E7a1e4b919C4548085bc8E6a3e8aC254F14A9,1.132432443348448197,
erc20,0x3F56e0c36d275367b8C502090EDF38289b3dEa0d,0x7d4D64A7b34310D5Cfc19181b2A526cdCF462cec,0.282877574159254735,
erc20,0x3F56e0c36d275367b8C502090EDF38289b3dEa0d,0x70927Ca3B59A50695fa8C352812590419dcf29b3,1.043766020218827095,
erc20,0x3F56e0c36d275367b8C502090EDF38289b3dEa0d,0xE89b519AbD57Be6FE2c9CF1C3cE2488F5d810A44,1.080947641384193605,
erc20,0x3F56e0c36d275367b8C502090EDF38289b3dEa0d,0xC5aFc3a0F462C5a387393421b6A253204a3Be8D2,2.897694781509264555,
erc20,0x3F56e0c36d275367b8C502090EDF38289b3dEa0d,0x24dE90e08999FaEd07011A574104Fe57f3465f96,0.395543328403708623,
erc20,0x3F56e0c36d275367b8C502090EDF38289b3dEa0d,0x15C86F64095C4CC385CfbBd749270536406751E0,1.207390544032619656,
erc20,0x3F56e0c36d275367b8C502090EDF38289b3dEa0d,0x322B5C40d1682553ea9E6cb93684D895121638D5,0.634316181853270577,
erc20,0x3F56e0c36d275367b8C502090EDF38289b3dEa0d,0x785C7eC85275d235f10a4cfE9f0eD9F47Eb6B5b2,0.854472296548725743,
erc20,0x3F56e0c36d275367b8C502090EDF38289b3dEa0d,0x44E3Daf6bfa2905ea385cc56A4324819755B8FEe,0.101474022572705186,
erc20,0x3F56e0c36d275367b8C502090EDF38289b3dEa0d,0xB0331b22161cA290A15f825A29C008dCB5e1ff68,1.110227885635733525,
erc20,0x3F56e0c36d275367b8C502090EDF38289b3dEa0d,0xB36504f950615e543919FE4A5a2A7A2719cA80Bb,0.787748566495859571,
erc20,0x3F56e0c36d275367b8C502090EDF38289b3dEa0d,0x171C1CF42C8e11589381f5E4846FFE4E2c7f6D95,0.807901848241405877,
erc20,0x3F56e0c36d275367b8C502090EDF38289b3dEa0d,0x70005E2D5e7D61Af578dd0dB1d19288A1E6D94d5,0.09125564483391449,
erc20,0x3F56e0c36d275367b8C502090EDF38289b3dEa0d,0x38dAEa6f17E4308b0Da9647dB9ca6D84a3A7E195,0.198693651772454424,
erc20,0x3F56e0c36d275367b8C502090EDF38289b3dEa0d,0xBbaF11432aB8Cdc548682A7619f564bDfa0cFf88,0.333681595432993588,
erc20,0x3F56e0c36d275367b8C502090EDF38289b3dEa0d,0xb3d8EDaf090070D2691eBbF38c408f33B7C83a26,1.121330164492090861,
erc20,0x3F56e0c36d275367b8C502090EDF38289b3dEa0d,0xD283a82Ba85ab38e960F74566D007b780250b9E9,1.11371470531447651,
erc20,0x3F56e0c36d275367b8C502090EDF38289b3dEa0d,0x7b1426d5C26FDE907718F8EBB9D7aac2f3528ddc,1.577459792468227718,
erc20,0x3F56e0c36d275367b8C502090EDF38289b3dEa0d,0x0b8E5BdbB5B8d83aF32d3984Ba9Bfae635Edf156,1.119445151310509245,
erc20,0x3F56e0c36d275367b8C502090EDF38289b3dEa0d,0x7e1B21D3cBB8cA3dd9eCae0Ce521D1aFB867F20b,0.419719951690113763,
erc20,0x3F56e0c36d275367b8C502090EDF38289b3dEa0d,0x97b97E9C002Cfa3b5ce4d306218E76f062f2Aca7,1.121330164492090861,
erc20,0x3F56e0c36d275367b8C502090EDF38289b3dEa0d,0x9424D5c23766109a0f6601A02Fae2A4574CF2F1e,2.174657729209427488,
erc20,0x3F56e0c36d275367b8C502090EDF38289b3dEa0d,0xab95b349b94aFc3c3Ba8511b23001c8Cd46d9301,0.610038197652982917,
erc20,0x3F56e0c36d275367b8C502090EDF38289b3dEa0d,0x81e877DD467F65b79AfF559a8fAFED6E95f01AD8,1.165373858861763283,
erc20,0x3F56e0c36d275367b8C502090EDF38289b3dEa0d,0x4a4ea9e5E13D33db6c214cd85eB205fE0600ca85,1.0040733211135149,
erc20,0x3F56e0c36d275367b8C502090EDF38289b3dEa0d,0xf6b9Cb280Ae3c5dd5eC22D7A1A2A7f5F0a1AE879,1.578835641891727139,
erc20,0x3F56e0c36d275367b8C502090EDF38289b3dEa0d,0x339cC7EE5dD728dc158E74709A8384334B999FCd,0.091492448982817395,
erc20,0x3F56e0c36d275367b8C502090EDF38289b3dEa0d,0x9E26e1B35164aFB1332592AF393edf5F2A2C7F51,3.33068365690720064,
erc20,0x3F56e0c36d275367b8C502090EDF38289b3dEa0d,0xcCe21EaF67d8233C2983abB205A8a4E5DCD5d12b,0.198693651772454424,
erc20,0x3F56e0c36d275367b8C502090EDF38289b3dEa0d,0x300B4A16304f453D226745Eca7500d5F12FF9A07,1.110995513526956132,
erc20,0x3F56e0c36d275367b8C502090EDF38289b3dEa0d,0x8938444C618c8f83b07ed245E9F553Ee1fBa4E51,1.11921299572798628,
erc20,0x3F56e0c36d275367b8C502090EDF38289b3dEa0d,0x51918C24F8B9b7B0822d007074bF3E05A23C32Dc,1.08732886460471373,
erc20,0x3F56e0c36d275367b8C502090EDF38289b3dEa0d,0x29913891AEC7Ac336aC3d39Fa244790B27437fb4,0.198693651772454424,
erc20,0x3F56e0c36d275367b8C502090EDF38289b3dEa0d,0xA95261d06CDe28A8e491aCAAA7687673bF08FF0b,1.328772605793916037,
erc20,0x3F56e0c36d275367b8C502090EDF38289b3dEa0d,0xf6415Fb4CadB5fa8D7e04167596ead1F4BC20Dfd,1.312914277493099306,
erc20,0x3F56e0c36d275367b8C502090EDF38289b3dEa0d,0xd55aD996D8F2F3E06970E0F23CFb48B6Bc21d583,0.672324063547470871,
erc20,0x3F56e0c36d275367b8C502090EDF38289b3dEa0d,0xb1C2731e0fd86C3D16BB0169Af144b557ca2A77E,0.09116448035356093,
erc20,0x3F56e0c36d275367b8C502090EDF38289b3dEa0d,0xf55357dc314416635E8Fe22fA503e7b9fAf1Ee29,1.327746522786300577,
erc20,0x3F56e0c36d275367b8C502090EDF38289b3dEa0d,0x37fA53F6618bd9C42d32b623dcEADcd6106875ce,0.963017183632696824,
erc20,0x3F56e0c36d275367b8C502090EDF38289b3dEa0d,0x7B2D5d885CE9D81Ced64089d60ddfE7AA980E2a2,1.0040733211135149,
erc20,0x3F56e0c36d275367b8C502090EDF38289b3dEa0d,0x53DaB8458d869389e5cF3a29cF3B3B3c7f5C8d7a,0.900127006017902555,
erc20,0x3F56e0c36d275367b8C502090EDF38289b3dEa0d,0xa18230830e1D9dA5DC24Be38D2A684e80959ba0e,3.285390750295896762,
erc20,0x3F56e0c36d275367b8C502090EDF38289b3dEa0d,0x7374DDf849566c28372AD830DA45a1c9D088453B,1.23235295305566422,
erc20,0x3F56e0c36d275367b8C502090EDF38289b3dEa0d,0x244eC27908974162dee23Fe96B6F1fe9B6EA2809,1.132432443348448197,
erc20,0x3F56e0c36d275367b8C502090EDF38289b3dEa0d,0xaDAf6B98D6055968BC0775D2C50219F789D4AA9F,0.663021710134015136,
erc20,0x3F56e0c36d275367b8C502090EDF38289b3dEa0d,0xF90ad3A45D6229F2696c737d02179042dCc6e77F,0.330377817260389692,
erc20,0x3F56e0c36d275367b8C502090EDF38289b3dEa0d,0xA3a5A5e1b54647d016256CA0350166D35d7E5135,0.092076125157096539,
erc20,0x3F56e0c36d275367b8C502090EDF38289b3dEa0d,0xDcb004FF6f7634b7c94C3f5Ea111ae9495414013,0.093543956268110731,
erc20,0x3F56e0c36d275367b8C502090EDF38289b3dEa0d,0x5D12E277DFE031645249244e14788e4D370d492e,0.09116448035356093,
erc20,0x3F56e0c36d275367b8C502090EDF38289b3dEa0d,0x777F4d384bc5dc2E4EF29f235ec95Fc8Efff8F35,0.09116448035356093,
erc20,0x3F56e0c36d275367b8C502090EDF38289b3dEa0d,0x1c7D7C10EBCCE5629B9aF4db437B5610C4424462,0.225040725630151817,
erc20,0x3F56e0c36d275367b8C502090EDF38289b3dEa0d,0xb0f7551a4a2ac324668Ba0EF9944fef543d1c140,1.057627542530937379,
erc20,0x3F56e0c36d275367b8C502090EDF38289b3dEa0d,0x33C3df876e51F1a2662A2ad3cdAF4ef7218E2C91,0.497556749159871685,
erc20,0x3F56e0c36d275367b8C502090EDF38289b3dEa0d,0x8b904F37F0783b7750D34Dce62f6b3809618A51E,0.454128137635271428,
erc20,0x3F56e0c36d275367b8C502090EDF38289b3dEa0d,0xc485A0FC644326c6D5A417aF7FB25295658E3B5F,1.071315434678789905,
erc20,0x3F56e0c36d275367b8C502090EDF38289b3dEa0d,0xe9cc16B79E7EA3Cbc8124aFB7b547826Bc3dca28,0.164565492721930894,
erc20,0x3F56e0c36d275367b8C502090EDF38289b3dEa0d,0x1336F0cbcD2B67A788ec1eF6a37f7E1c2Dcc47E1,1.110227885635733525,
erc20,0x3F56e0c36d275367b8C502090EDF38289b3dEa0d,0xfEBc300c1a955a30870282E1B1aA3EaCa7196C98,0.409991054847924423,
erc20,0x3F56e0c36d275367b8C502090EDF38289b3dEa0d,0x421A8A0C6388FaA1550E2636538d8d7605a8cEde,0.702409138458808114,
erc20,0x3F56e0c36d275367b8C502090EDF38289b3dEa0d,0x08787e3157742BEC8D50CCa49C8DFaF01cd6DABf,0.166194854036009416,
erc20,0x3F56e0c36d275367b8C502090EDF38289b3dEa0d,0x20EB4cDe6240D295208c907825921800DF3D4b7c,1.11371470531447651,
erc20,0x3F56e0c36d275367b8C502090EDF38289b3dEa0d,0x1326B4e8aC7D8f7E9c7552D00d676167Ee0e1b4C,0.288479110281220181,
erc20,0x3F56e0c36d275367b8C502090EDF38289b3dEa0d,0xD6d61A52f230Cc754e5e35f1b64CE227060056DD,0.282877574159254735,
erc20,0x3F56e0c36d275367b8C502090EDF38289b3dEa0d,0xF793143108499684F8e22338dC35d628fE3b0538,0.760506298590725587,
erc20,0x3F56e0c36d275367b8C502090EDF38289b3dEa0d,0x0D4D1ae15CB401e51835674965F9f4f25BE73fb8,0.225939989269033542,
erc20,0x3F56e0c36d275367b8C502090EDF38289b3dEa0d,0x38e6240eE8B9Ec0AA4320c839e1C6A2c1d992e6F,1.687451336489315451,
erc20,0x3F56e0c36d275367b8C502090EDF38289b3dEa0d,0xDe63Ab558078FE7BC22c7fe2A497DaE2EcD0268A,1.098992048828719376,
erc20,0x3F56e0c36d275367b8C502090EDF38289b3dEa0d,0x4c6cd3ed22eF70Ba6f10F10a716Fb99AAee73C65,1.044073562286727097,
erc20,0x3F56e0c36d275367b8C502090EDF38289b3dEa0d,0xACB20a854E11727abc738D5170d6c8F3b618fa1f,1.111105158270725525,
erc20,0x3F56e0c36d275367b8C502090EDF38289b3dEa0d,0x29BEF73b778b0d93a7332BE72Ec985f61A1d853b,0.225939989269033542,
erc20,0x3F56e0c36d275367b8C502090EDF38289b3dEa0d,0x6f9227b1De34d01de809184D02ACc693d3e5A410,1.111338113521369264,
erc20,0x3F56e0c36d275367b8C502090EDF38289b3dEa0d,0xbe459396929c39645f0f6F44170A11FA706E3005,0.225939989269033542,
erc20,0x3F56e0c36d275367b8C502090EDF38289b3dEa0d,0xd2e44E40B5FB960A8A74dD7B9D6b7f14B805b50d,0.325872262815704768,
erc20,0x3F56e0c36d275367b8C502090EDF38289b3dEa0d,0x1A9cb0AD0dc09ADE33901AAE131A4bf5B10ffDa6,0.225939989269033542,
erc20,0x3F56e0c36d275367b8C502090EDF38289b3dEa0d,0x27F33f5af3125c7488051134872E6e7A3c5a644A,0.533004434782151602,
erc20,0x3F56e0c36d275367b8C502090EDF38289b3dEa0d,0x3Ab181c6b54956135eE8D0E5580537b590D9cD88,0.694961907775763084,
erc20,0x3F56e0c36d275367b8C502090EDF38289b3dEa0d,0x25EE6F4f6b15105A622c115B06633D19913c4433,1.128786298494210168,
erc20,0x3F56e0c36d275367b8C502090EDF38289b3dEa0d,0xD32e8B09249A976a3DF0ad752F0E8689079CC100,0.847488857549058773,
erc20,0x3F56e0c36d275367b8C502090EDF38289b3dEa0d,0xBB1EDB8c64D7BaA322FADfD13d4A5Db96d02A2E1,1.969371416239648976,
erc20,0x3F56e0c36d275367b8C502090EDF38289b3dEa0d,0xBDfF2F5988f27b312d57fFB8C184DaF70236754A,0.093019131354693127,
erc20,0x3F56e0c36d275367b8C502090EDF38289b3dEa0d,0xe5e79109358AA113372c261f1823Ba560513631A,0.740834799553401576,
erc20,0x3F56e0c36d275367b8C502090EDF38289b3dEa0d,0x0E56ACf74cD28a6328DA651A8a7233A7a5A402e1,2.558010117138237188,
erc20,0x3F56e0c36d275367b8C502090EDF38289b3dEa0d,0x888231891Aa6DFbA25e49249D1E82EbB74646F2E,0.225040725630151817,
erc20,0x3F56e0c36d275367b8C502090EDF38289b3dEa0d,0x93994B43093e4be21F766E07Cc7316F86a2F5f41,0.280356882904370287,
erc20,0x3F56e0c36d275367b8C502090EDF38289b3dEa0d,0xF46cB1a5F3FBEEc56Eb26CC62dC7498181568BDE,0.225939989269033542,
erc20,0x3F56e0c36d275367b8C502090EDF38289b3dEa0d,0x0BeF56B30Abde4558ef6e9cb41c8194f47dA5839,1.121330164492090861,
erc20,0x3F56e0c36d275367b8C502090EDF38289b3dEa0d,0x1084577B94A412AC182434b37D3B07B3319580d5,0.546124673476046625,
erc20,0x3F56e0c36d275367b8C502090EDF38289b3dEa0d,0x24a7b93fbFE6130883dd985CE3d353b7098140f5,0.280356882904370287,
erc20,0x3F56e0c36d275367b8C502090EDF38289b3dEa0d,0x71B19F33EA0f93149e178F6f867f29C61E968101,0.225939989269033542,
erc20,0x3F56e0c36d275367b8C502090EDF38289b3dEa0d,0xD154d9172ea35871E051A1C54A6829AC6625e0Df,1.143534722204805535,
erc20,0x3F56e0c36d275367b8C502090EDF38289b3dEa0d,0x596cb04604C2fe7b2c5834d93226c6a6fC11341f,0.146425376731401563,
erc20,0x3F56e0c36d275367b8C502090EDF38289b3dEa0d,0xb436141073EFE6C21aC6BE9A5Bb0D1D74F0ce87C,0.146425376731401563,
erc20,0x3F56e0c36d275367b8C502090EDF38289b3dEa0d,0x32bd15ab5031Ae10CF434Cb4C962630466F36175,1.121330164492090861,
erc20,0x3F56e0c36d275367b8C502090EDF38289b3dEa0d,0x1A8028927383A0665B62B4AA6eEfD5Dd66cB5A38,1.149220389054500722,
erc20,0x3F56e0c36d275367b8C502090EDF38289b3dEa0d,0xAcdceB490C614fA827C4f20710ee38E6b27d0EB2,1.121330164492090861,
erc20,0x3F56e0c36d275367b8C502090EDF38289b3dEa0d,0x5b357f778259C6F138e1eF316E87913b1B31f29A,0.627980497583953008,
erc20,0x3F56e0c36d275367b8C502090EDF38289b3dEa0d,0xd7068f910eAf2EEfd18fbE04D36555d4D698C300,0.726831197972857354,
erc20,0x3F56e0c36d275367b8C502090EDF38289b3dEa0d,0xf728852A48Be85911Ad6278b8f568edEC5B7cd34,0.628663859440716685,
erc20,0x3F56e0c36d275367b8C502090EDF38289b3dEa0d,0x6d43D2e494B7aa5b64db9cD496b3821c2206749B,0.09116448035356093,
erc20,0x3F56e0c36d275367b8C502090EDF38289b3dEa0d,0x521004dB428c3329eFa1ea9A973131eb79166B0e,0.227064068684700053,
erc20,0x3F56e0c36d275367b8C502090EDF38289b3dEa0d,0xAa1Ad4784c1f3099447d85E97aa551614bcf601C,1.332273462762880237,
erc20,0x3F56e0c36d275367b8C502090EDF38289b3dEa0d,0x7095D3ccF10fa52325006585226E4383268a8faB,1.135380360463291788,
erc20,0x3F56e0c36d275367b8C502090EDF38289b3dEa0d,0x2E1207094Aaf27E17cDA33cBFa30b66726E4dAAe,1.043725376321883452,
erc20,0x3F56e0c36d275367b8C502090EDF38289b3dEa0d,0xBDD677f06BdDd79820Bf7980A6B6fE9310f68749,1.110227885635733525,
erc20,0x3F56e0c36d275367b8C502090EDF38289b3dEa0d,0x245c817bb7C5648cdadDC96CEe166173094391F6,0.656457138746549641,
erc20,0x3F56e0c36d275367b8C502090EDF38289b3dEa0d,0x7Bef7b5777838b95b3A4105F2D6F4f6bE5A7F319,1.187943837630234878,
erc20,0x3F56e0c36d275367b8C502090EDF38289b3dEa0d,0xc97acf688cFE0A4d3BF23e9f772AF83698216470,0.198693651772454424,
erc20,0x3F56e0c36d275367b8C502090EDF38289b3dEa0d,0x47f3c7DE5caf86eeD134455EA437e66E1305c646,1.165189495293716932,
erc20,0x3F56e0c36d275367b8C502090EDF38289b3dEa0d,0x004B5427E5CDA44EeE0e4E94dfA97885c4799fad,1.156054921946485706,
erc20,0x3F56e0c36d275367b8C502090EDF38289b3dEa0d,0xE1f86ce0c521a0e9b1d75e8Dad8B4FC0FBbF9288,1.592361115208989166,
erc20,0x3F56e0c36d275367b8C502090EDF38289b3dEa0d,0x19241812c6434Bb55D7828B81268070dBbf9f70B,1.139768382106154464,
erc20,0x3F56e0c36d275367b8C502090EDF38289b3dEa0d,0x0263E43c0dE253a0fe354b60d35D2855c514a887,1.124962668863120467,
erc20,0x3F56e0c36d275367b8C502090EDF38289b3dEa0d,0x057eAddC36808348c1A5Cd3aAf58FDb57c857cD1,1.111338113521369264,
erc20,0x3F56e0c36d275367b8C502090EDF38289b3dEa0d,0x93336F666a3F3A6a83d13aB313ba103D3217FdDe,1.110227885635733525,
erc20,0x3F56e0c36d275367b8C502090EDF38289b3dEa0d,0xe7c8682C5eC00F12113161B49fC31a63E3731873,1.1000910408775481,
erc20,0x3F56e0c36d275367b8C502090EDF38289b3dEa0d,0xe8970e7e0786fBBe3e80368BCc93f14ce3Cdcb0f,1.121330164492090861,
erc20,0x3F56e0c36d275367b8C502090EDF38289b3dEa0d,0xFF226D7a53CAca5f5bF3681C44Ca3a57DF8A3692,1.121330164492090861,
erc20,0x3F56e0c36d275367b8C502090EDF38289b3dEa0d,0xE72627a8B89321451BBF429306d759c34458Aac2,0.238675158584422852,
erc20,0x3F56e0c36d275367b8C502090EDF38289b3dEa0d,0x93F6151D39E5dCaD329c401FEd44567E030172A9,1.097169970681434358,
erc20,0x3F56e0c36d275367b8C502090EDF38289b3dEa0d,0xE4b899208F1B9516CA9Bf1b22507bd149791cBc4,0.690839405978809551,
erc20,0x3F56e0c36d275367b8C502090EDF38289b3dEa0d,0x173a0D4252b3Ce4d98922C4F3aeF4B33bDa0db8D,1.111338113521369264,
erc20,0x3F56e0c36d275367b8C502090EDF38289b3dEa0d,0xc22Fa161047135dD0A0bAd933e85c20020B69023,0.86589393310447654,
erc20,0x3F56e0c36d275367b8C502090EDF38289b3dEa0d,0x7ffa99234Cb91D26F4B1aE368AD34Aa4f2e0e05C,1.110227885635733525,
erc20,0x3F56e0c36d275367b8C502090EDF38289b3dEa0d,0x84Ed53566E51c6e48720ECFC0B26C293c5E2c865,1.111338113521369264,
erc20,0x3F56e0c36d275367b8C502090EDF38289b3dEa0d,0xF6DB256D5626412B48088f5e3bB545013b65F3E8,1.111338113521369264,
erc20,0x3F56e0c36d275367b8C502090EDF38289b3dEa0d,0x1982bD37E91Fd7a8c88805E9a7aa009fA804b1f9,1.332273462762880237,
erc20,0x3F56e0c36d275367b8C502090EDF38289b3dEa0d,0xa05dba108Fb461BF734F330C47A95a7d481EA4B4,1.111338113521369264,
erc20,0x3F56e0c36d275367b8C502090EDF38289b3dEa0d,0x96643a71D4EA4Ca58385523154a7282b99e390aa,0.333681595432993588,
erc20,0x3F56e0c36d275367b8C502090EDF38289b3dEa0d,0x5df1E604c45eFd171E76CEB161BC98C542a7C6fa,1.111338113521369264,
erc20,0x3F56e0c36d275367b8C502090EDF38289b3dEa0d,0xf8B51712B236b53C458429e9642743956F11b98B,1.151974860595438197,
erc20,0x3F56e0c36d275367b8C502090EDF38289b3dEa0d,0xbF8CD391CcC71073a1781A4F74847BC5f97a9600,1.112670386984132142,
erc20,0x3F56e0c36d275367b8C502090EDF38289b3dEa0d,0x872b52541EE3b7377c881BA6f9077226d9843687,2.025149551154124111,
erc20,0x3F56e0c36d275367b8C502090EDF38289b3dEa0d,0xEe43aC49631b4488E7c2C3D7E354cA1E17512fA2,0.09116448035356093,
erc20,0x3F56e0c36d275367b8C502090EDF38289b3dEa0d,0xBF8641831D15c2701BA122981C3D7A6A2533ea48,0.805837003519857799,
erc20,0x3F56e0c36d275367b8C502090EDF38289b3dEa0d,0xCF42773EaCf226AfB44f7c81F324DE4e47E0eF04,1.110227885635733525,
erc20,0x3F56e0c36d275367b8C502090EDF38289b3dEa0d,0xA8922914FE0850B09B3F51b125104D8e9C23bA46,0.244533175925988712,
erc20,0x3F56e0c36d275367b8C502090EDF38289b3dEa0d,0x1355408F83CD6f92FDe3d7Ac3bCbF2eB15A25a27,1.121330164492090861,
erc20,0x3F56e0c36d275367b8C502090EDF38289b3dEa0d,0x1Ef0e27418E947261227E1662Ea2848311B38fB8,1.074355764416643426,
erc20,0x3F56e0c36d275367b8C502090EDF38289b3dEa0d,0x360f9f42411b3355BC448a28F1b399f2718a9363,1.165739279917520208,
erc20,0x3F56e0c36d275367b8C502090EDF38289b3dEa0d,0x0E64cbCA254788dF4A8D29E3721D077D91d0D92A,1.121330164492090861,
erc20,0x3F56e0c36d275367b8C502090EDF38289b3dEa0d,0xcA56015b269aa268ADAA66CaB31D3a554937C0Ea,1.110227885635733525,
erc20,0x3F56e0c36d275367b8C502090EDF38289b3dEa0d,0x3598143D676Dc58EB7A2A159326d26F3C09363Fb,1.1102273519103768,
erc20,0x3F56e0c36d275367b8C502090EDF38289b3dEa0d,0x79e21f66b9813f7922fd56E14051bBbA83EEf96D,1.121330164492090861,
erc20,0x3F56e0c36d275367b8C502090EDF38289b3dEa0d,0x6a3d659C096Eb8Fe8b956b27296742aC2BDd2248,0.892925217284494446,
erc20,0x3F56e0c36d275367b8C502090EDF38289b3dEa0d,0x722405DeB63a5e8261Ac7847211A66c490503EBe,1.110227885635733525,
erc20,0x3F56e0c36d275367b8C502090EDF38289b3dEa0d,0xf48Fe4A893179295dcba19f0f032Ecb3e8F34DC0,1.110227885635733525,
erc20,0x3F56e0c36d275367b8C502090EDF38289b3dEa0d,0x727E7b8F0beaE027Cd4B86E03CfF08a2Db1b1d70,1.49071916641036907,
erc20,0x3F56e0c36d275367b8C502090EDF38289b3dEa0d,0xaC23A6f100007CF52d5d102ba1361d2154EB7B15,1.155093134755757051,
erc20,0x3F56e0c36d275367b8C502090EDF38289b3dEa0d,0xc49cC7667F637B9dF5b466399269C660ADF874D3,0.419896810246642732,
erc20,0x3F56e0c36d275367b8C502090EDF38289b3dEa0d,0xE07419731a1f55C7fFe312b5dCfd74dd95741648,1.121330164492090861,
erc20,0x3F56e0c36d275367b8C502090EDF38289b3dEa0d,0x706F56607Bb933C5f46e8B313182cd76e7f8BC60,1.111338113521369264,
erc20,0x3F56e0c36d275367b8C502090EDF38289b3dEa0d,0x825A7AD43B935049c3DC232Cd56b5fCa85c92631,1.224780800243665239,
erc20,0x3F56e0c36d275367b8C502090EDF38289b3dEa0d,0x5750220b57a57d1a6785c90560149A92CaaE7743,0.731726969236562148,
erc20,0x3F56e0c36d275367b8C502090EDF38289b3dEa0d,0x1f2fFEd93713EC8AEBC796D8dC8ec243E60DFe0f,1.111338113521369264,
erc20,0x3F56e0c36d275367b8C502090EDF38289b3dEa0d,0xbA1F24Db1EC18A783FbBD0De3E3d0ca211F2FaBb,1.247469337588124432,
erc20,0x3F56e0c36d275367b8C502090EDF38289b3dEa0d,0xc74dA75401E2fABD4047d58c2956b9B326c26190,1.115779025063912195,
erc20,0x3F56e0c36d275367b8C502090EDF38289b3dEa0d,0x850034311C21fa9cd5E6B553c67985d20EAD041e,1.202092262899206041,
erc20,0x3F56e0c36d275367b8C502090EDF38289b3dEa0d,0x0b116a3E27852Af0C9D0b5148e8f330a9526299E,1.202092262899206041,
erc20,0x3F56e0c36d275367b8C502090EDF38289b3dEa0d,0x39952E789B6c1Eab2f46F0E6c3d43dBB8d42e37A,1.211167677836989716,
erc20,0x3F56e0c36d275367b8C502090EDF38289b3dEa0d,0xE2084b0fCcdcDed3F9744946d7f1bAA92AEBFF3c,1.111338113521369264,
erc20,0x3F56e0c36d275367b8C502090EDF38289b3dEa0d,0x6aB9Fd30275996c95779547Dc6C2c1a1bf763f01,1.115779025063912195,
erc20,0x3F56e0c36d275367b8C502090EDF38289b3dEa0d,0x9A8C5E51736B6901411EF251624cBb65989AF667,1.126559387757876221,
erc20,0x3F56e0c36d275367b8C502090EDF38289b3dEa0d,0x376aC340CD8f91899a9d93737C191C644f2A42a9,0.251391932639096785,
erc20,0x3F56e0c36d275367b8C502090EDF38289b3dEa0d,0xDB611d682cb1ad72fcBACd944a8a6e2606a6d158,1.110227885635733525,
erc20,0x3F56e0c36d275367b8C502090EDF38289b3dEa0d,0x96f530623076732B01E073f3e640D82bf7B90EAd,1.132432443348448197,
erc20,0x3F56e0c36d275367b8C502090EDF38289b3dEa0d,0xacc854d84A6482C1345C32d7B4cEb1e9c3ED19bD,0.932494381181755353,
erc20,0x3F56e0c36d275367b8C502090EDF38289b3dEa0d,0xADD62287c10d90F65fd3Bf8bf94183Df115C030a,1.13136219391378666,
erc20,0x3F56e0c36d275367b8C502090EDF38289b3dEa0d,0xf19a149E24cFCFe85C4e20a82EFF131E8a1E7F16,0.952941456067300152,
erc20,0x3F56e0c36d275367b8C502090EDF38289b3dEa0d,0x78bfA2a0241804733c58091d431b5a840D9D6F73,1.038170557897596477,
erc20,0x3F56e0c36d275367b8C502090EDF38289b3dEa0d,0x9f4Cb53e9A2E9aaE05dce7F315C0437463326208,0.634316181853270577,
erc20,0x3F56e0c36d275367b8C502090EDF38289b3dEa0d,0x2e884770F9E11Ba6B649039e34f7504ADA6aD8Bb,0.634316181853270577,
erc20,0x3F56e0c36d275367b8C502090EDF38289b3dEa0d,0x68C882487920d8C114B9F80c4BBf882F60beFc5B,0.634316181853270577,
erc20,0x3F56e0c36d275367b8C502090EDF38289b3dEa0d,0x7e646D9F5ee2947c66E87AA414F8a5E7B26dD380,0.634316181853270577,
erc20,0x3F56e0c36d275367b8C502090EDF38289b3dEa0d,0xa2b1C8798caC94cAB5A7b493a473979A724e1A1C,0.634316181853270577,
erc20,0x3F56e0c36d275367b8C502090EDF38289b3dEa0d,0x0EB1378358BAc9D4E17E65237a452b885da150de,0.634316181853270577,
erc20,0x3F56e0c36d275367b8C502090EDF38289b3dEa0d,0x30214f9ADDEC9b817E34fC99f0455ED16B208FCF,0.634316181853270577,
erc20,0x3F56e0c36d275367b8C502090EDF38289b3dEa0d,0x2C0444bDF1Dc06fB985F7645A4cf9C28C6700A54,0.634316181853270577,
erc20,0x3F56e0c36d275367b8C502090EDF38289b3dEa0d,0xA57D4a794f62ceecD03017B2f37E4bcf100af8CD,0.634316181853270577,
erc20,0x3F56e0c36d275367b8C502090EDF38289b3dEa0d,0x1F95A3287388B6F19B9dd5cf2d366c1848abB81A,0.634316181853270577,
erc20,0x3F56e0c36d275367b8C502090EDF38289b3dEa0d,0xd580A34f5d6c8f61C853452331a5Cf7d8B27eCFA,1.109879865582631693,
erc20,0x3F56e0c36d275367b8C502090EDF38289b3dEa0d,0x5cF906AeBf09096255d948882aabE900B022F41C,1.110135084597228362,
erc20,0x3F56e0c36d275367b8C502090EDF38289b3dEa0d,0x030138D2f5f2757daAe2FbB8dFd18870EA908881,1.00712488039134263,
erc20,0x3F56e0c36d275367b8C502090EDF38289b3dEa0d,0xD65BDC683E69C683972DAf5409aFBf8e144063da,8.874241712748665775,
erc20,0x3F56e0c36d275367b8C502090EDF38289b3dEa0d,0x7476D1e9659a49B92C3f65F0A6De00a18fc3D6fA,2.718614986015960592,
erc20,0x3F56e0c36d275367b8C502090EDF38289b3dEa0d,0x8014A798cA117e4c44047f5C6cc617bc54296284,1.110227885635733525,
erc20,0x3F56e0c36d275367b8C502090EDF38289b3dEa0d,0x9FEfB01133F63D81b10BCa1Ee47BE40ef6535443,1.121330164492090861,
erc20,0x3F56e0c36d275367b8C502090EDF38289b3dEa0d,0xc9e6bb4e86A202cD800809984Ea753eD03c94D3d,1.119931169914781548,
erc20,0x3F56e0c36d275367b8C502090EDF38289b3dEa0d,0x82eb5B6101581159b790bF65e70313b79f24d913,0.799902820040995918,
erc20,0x3F56e0c36d275367b8C502090EDF38289b3dEa0d,0x7CaAee225Ca807EF94bE9A0b4C5D370d8A4cb4d4,1.14205123181525738,
erc20,0x3F56e0c36d275367b8C502090EDF38289b3dEa0d,0x881D777Ade75b2850BE1c136471880125acdC270,1.120455756895785185,
erc20,0x3F56e0c36d275367b8C502090EDF38289b3dEa0d,0x9E02a16F6FcCbd0891b68458493E4643Bf9a55c5,1.15394165127015535,
erc20,0x3F56e0c36d275367b8C502090EDF38289b3dEa0d,0xd6431f624e2d5a24686AC6BDaEd34A978DA23f15,0.628035823617099584,
erc20,0x3F56e0c36d275367b8C502090EDF38289b3dEa0d,0xd7F6D696816cd3AE9863fD990cd02Ada1E0178F3,1.161799768262134727,
erc20,0x3F56e0c36d275367b8C502090EDF38289b3dEa0d,0x29500Dd4F845EA4843dF874C424ceeBfc8f3E6EA,0.958962139162213751,
erc20,0x3F56e0c36d275367b8C502090EDF38289b3dEa0d,0x36920a7869666388c253B061f730E6253cE1021c,1.110685336671377655,
erc20,0x3F56e0c36d275367b8C502090EDF38289b3dEa0d,0x1c0D79A291514549cfEA14F400B35842EF266f9F,1.121330164492090861,
erc20,0x3F56e0c36d275367b8C502090EDF38289b3dEa0d,0x6Df6317d97D399be94F7E42173938F7595Afb5Ab,0.831997078290010944,
erc20,0x3F56e0c36d275367b8C502090EDF38289b3dEa0d,0x27a86AbF8DdcB96CE1B822eb883fd03D795de462,0.704601188606925291,
erc20,0x3F56e0c36d275367b8C502090EDF38289b3dEa0d,0x0bc1593AA22d0e45Ff3d5585A611455EaE164e6b,0.687664539305427175,
erc20,0x3F56e0c36d275367b8C502090EDF38289b3dEa0d,0x4351b28c70FD7Ca621e0FA9A977ec58Ee89d2e81,1.120270407698945614,
erc20,0x3F56e0c36d275367b8C502090EDF38289b3dEa0d,0x69528C13dCb9d6D5bCb68FD77F8d5498F841fFe4,1.121329625429480569,
erc20,0x3F56e0c36d275367b8C502090EDF38289b3dEa0d,0x2B8146071D1048b90Ead67bdE2AbBd330600B9dB,1.413971130089456542,
erc20,0x3F56e0c36d275367b8C502090EDF38289b3dEa0d,0x1A21370d9bDC6aAB8F61439a27d4a9AEC7ce4A2e,0.931398645425203213,
erc20,0x3F56e0c36d275367b8C502090EDF38289b3dEa0d,0xC316f415096223561e2077c30A26043499d579aD,1.114736564349567611,
erc20,0x3F56e0c36d275367b8C502090EDF38289b3dEa0d,0x704F697641EEE912457a3c32D3cDAdAdB169e409,1.061777297730396454,
erc20,0x3F56e0c36d275367b8C502090EDF38289b3dEa0d,0x78869711dC3aFDf20A41980343A917562e30FB1e,1.121330164492090861,
erc20,0x3F56e0c36d275367b8C502090EDF38289b3dEa0d,0xb876F7E5c708758F4Ba18718E1298625Df1E4752,1.12097866423845801,
erc20,0x3F56e0c36d275367b8C502090EDF38289b3dEa0d,0x35F0D2e28357312c3c4CeE97eDf926a4651365cD,1.121330164492090861,
erc20,0x3F56e0c36d275367b8C502090EDF38289b3dEa0d,0x7a0A0c866e5540D29A2f29213a04D06b19558bfc,1.121330164492090861,
erc20,0x3F56e0c36d275367b8C502090EDF38289b3dEa0d,0x062168300176aA3947d2FEebccEe188eF35aBeb5,1.086747571588382291,
erc20,0x3F56e0c36d275367b8C502090EDF38289b3dEa0d,0xc7089fe8F49aCe02e33E1cF0C8A9EeAeFDc56911,1.110328584258483287,
erc20,0x3F56e0c36d275367b8C502090EDF38289b3dEa0d,0xcFBa6D63EC822425775d3C509E60ff689C1Ae1e7,2.223985216133951944,
erc20,0x3F56e0c36d275367b8C502090EDF38289b3dEa0d,0xE68462789C6E900d979B52C14CA44dAa0bA36370,1.044320654645082505,
erc20,0x3F56e0c36d275367b8C502090EDF38289b3dEa0d,0x065f3B968938044f9d7DD6b17860b1ca32f042A3,1.121330164492090861,
erc20,0x3F56e0c36d275367b8C502090EDF38289b3dEa0d,0x3BFE3F8f6ed9f827bB2de5aFFf8df4d7a9805F9d,1.110227885635733525,
erc20,0x3F56e0c36d275367b8C502090EDF38289b3dEa0d,0x4E75E1B8d9A0acf272B2539C6E36fF9B08D20F7A,0.883428084307815135,
erc20,0x3F56e0c36d275367b8C502090EDF38289b3dEa0d,0x3dB168233B5bF133c8167Df5A7801741239732a9,0.836626066705040792,
erc20,0x3F56e0c36d275367b8C502090EDF38289b3dEa0d,0x6F42ac8278C578FD605807f1e16036f6753c8b67,0.833003305730493185,
erc20,0x3F56e0c36d275367b8C502090EDF38289b3dEa0d,0xDD7724Eff52c6ec5f2F7649EaDD5025D890B3690,1.121329625429480569,
erc20,0x3F56e0c36d275367b8C502090EDF38289b3dEa0d,0x03A8441B164890c8d20bC89aC71E9E1A9fE9d896,2.062968154771290715,
erc20,0x3F56e0c36d275367b8C502090EDF38289b3dEa0d,0xF2F0Ba30f59586d594e76b8E0456864AE24Ae2A3,1.040355151585627022,
erc20,0x3F56e0c36d275367b8C502090EDF38289b3dEa0d,0xb42f5A41B62b52616598cfD1A0D3A01846Bfa888,1.121330164492090861,
erc20,0x3F56e0c36d275367b8C502090EDF38289b3dEa0d,0x326042af3F543755160D78Bbb86b46e62d24c780,1.121330164492090861,
erc20,0x3F56e0c36d275367b8C502090EDF38289b3dEa0d,0xc6404f24DB2f573F07F3A60758765caad198c0c3,3.543432340681486415,
erc20,0x3F56e0c36d275367b8C502090EDF38289b3dEa0d,0xc836bb138D419107e65d22dbb42377142446924E,1.160122823301402925,
erc20,0x3F56e0c36d275367b8C502090EDF38289b3dEa0d,0x5929cC4D10b6a1acc5bF5D221889f10251C628A1,3.994868590319339912,
erc20,0x3F56e0c36d275367b8C502090EDF38289b3dEa0d,0x39031F8230d8CFF29CB2D96E59ed61151126460D,1.007463832491050289,
erc20,0x3F56e0c36d275367b8C502090EDF38289b3dEa0d,0x6E88dC3708AFC2b0032EeFF625df78Dcde1e741A,0.805023689501979378,
erc20,0x3F56e0c36d275367b8C502090EDF38289b3dEa0d,0xa8Ea1D3A26652996d1342880D1708C6742f33bCB,0.756722685164901081,
erc20,0x3F56e0c36d275367b8C502090EDF38289b3dEa0d,0x7453019b806919563EaC33870Fe5f8e5154fdF38,1.110281375698744167,
erc20,0x3F56e0c36d275367b8C502090EDF38289b3dEa0d,0x727BE0c35cb3D9A3aEfC5C7276D810c80ED97e71,1.121330164492090861,
erc20,0x3F56e0c36d275367b8C502090EDF38289b3dEa0d,0xC2bF1DE8Ea815eb7B39087b72FdCa3079cAbd877,1.12097866423845801,
erc20,0x3F56e0c36d275367b8C502090EDF38289b3dEa0d,0x310a3CEA42F93d55584c4361565aA0994912fF0D,0.770174791614922431,
erc20,0x3F56e0c36d275367b8C502090EDF38289b3dEa0d,0x36410Ae136E07Af5C99ccF97C8E9398558f82B54,1.111338113521369264,
erc20,0x3F56e0c36d275367b8C502090EDF38289b3dEa0d,0xB0Bf5fa78F9B644a34c94F383afe79e45b97B3d6,1.143612134177598996,
erc20,0x3F56e0c36d275367b8C502090EDF38289b3dEa0d,0x3Ad0452bED4C54F1f8dfef82bA64a03F22cBF271,2.194382065286194119,
erc20,0x3F56e0c36d275367b8C502090EDF38289b3dEa0d,0x3f7c7999B8E44d31b19b5D55159A0107C236FA67,1.111338113521369264,
erc20,0x3F56e0c36d275367b8C502090EDF38289b3dEa0d,0xa3D97cEAcc0cb226dcA93a5E27448CC1d4f41e98,1.111338113521369264,
erc20,0x3F56e0c36d275367b8C502090EDF38289b3dEa0d,0xd89D56291A6252EfD9c155Ab9b209d3f0C74F843,1.120158778797674764,
erc20,0x3F56e0c36d275367b8C502090EDF38289b3dEa0d,0x23Abd83B0cF9Fdb8Ce96004E27097e37B6CCe2F8,1.134776788497492595,
erc20,0x3F56e0c36d275367b8C502090EDF38289b3dEa0d,0xE72989d927e2F751fd51699C42a2a5917A1B9AB1,1.004748319659917077,
erc20,0x3F56e0c36d275367b8C502090EDF38289b3dEa0d,0x192Da7A8e6F3E3e31EF585b4EE93f601128449f2,0.805837003519857799,
erc20,0x3F56e0c36d275367b8C502090EDF38289b3dEa0d,0xC0BCb0923f8a58465029dd7DBE1441C6d2Ba66ad,1.024045721381963547,
erc20,0x3F56e0c36d275367b8C502090EDF38289b3dEa0d,0xE3C4a9905B9C3dDe4f5c0dB7289a7E253b314999,1.103853962997547978,
erc20,0x3F56e0c36d275367b8C502090EDF38289b3dEa0d,0x875F849d8Bc2f9D3FB2980e7E379462e19688d43,1.012249738218547198,
erc20,0x3F56e0c36d275367b8C502090EDF38289b3dEa0d,0xffe447072f60DFB924c705EfdD9cc5F79B10D1d1,1.027067947329785063,
erc20,0x3F56e0c36d275367b8C502090EDF38289b3dEa0d,0x9B60A3cf101c65045B94c56c8F07Cc13d673A25e,0.687348205228800609,
erc20,0x3F56e0c36d275367b8C502090EDF38289b3dEa0d,0xb6af0e59E41F75552af00138a9F62ACAef2B6254,1.121330164492090861,
erc20,0x3F56e0c36d275367b8C502090EDF38289b3dEa0d,0xDaaf3C8f3D6aCCdEf64B814e4267d861cf546391,0.969668704702584455,
erc20,0x3F56e0c36d275367b8C502090EDF38289b3dEa0d,0x7a5484d334D3Af7F4DA3171d3d0221E5552dE76C,1.567059624424905034,
erc20,0x3F56e0c36d275367b8C502090EDF38289b3dEa0d,0xA28389B1cebbe01c201b1e84656870bE0BEEC1Ba,0.816874067620578362,
erc20,0x3F56e0c36d275367b8C502090EDF38289b3dEa0d,0x2b5a0bE5940B63dE1eDdCCCa7bd977357e2488eD,1.200982035013570302,
erc20,0x3F56e0c36d275367b8C502090EDF38289b3dEa0d,0xc1D1Cc2aDD1a2aE568080E36655a3cAD4BA101D0,1.178108797000548762,
erc20,0x3F56e0c36d275367b8C502090EDF38289b3dEa0d,0x2083370bCf334d50cA7c6e06e969481365b92e21,1.064177856499737641,
erc20,0x3F56e0c36d275367b8C502090EDF38289b3dEa0d,0xaF523EDa0dB29385eAD0A5F138B4DFF45527eba5,0.663021710134015136,
erc20,0x3F56e0c36d275367b8C502090EDF38289b3dEa0d,0x6fa3364792C9474b3B74A7d9A41D37be30c84D6B,0.662035811675632733,
erc20,0x3F56e0c36d275367b8C502090EDF38289b3dEa0d,0x3EdeA1DBc28B09C4eFCA25eD544D717893C557f4,1.110227885635733525,
erc20,0x3F56e0c36d275367b8C502090EDF38289b3dEa0d,0x70Ad52A9B22dAcDdFb81B324e580Db1605de7526,1.07921096242977737,
erc20,0x3F56e0c36d275367b8C502090EDF38289b3dEa0d,0x05805ef5b428b765d10916C6e65362cb141D7b35,0.722102852621204606,
erc20,0x3F56e0c36d275367b8C502090EDF38289b3dEa0d,0x773715A8C8D3217c98c27Dfcc2914c5c9B79433d,1.13807442327782172,
erc20,0x3F56e0c36d275367b8C502090EDF38289b3dEa0d,0x827dCb22d01C81Aad2Ec0069F4e92418A00dA058,1.102366510139392217,
erc20,0x3F56e0c36d275367b8C502090EDF38289b3dEa0d,0x73f61e66345b8f78951508e8f1Cd0Ab51e1d9B6b,0.805837003519857799,
erc20,0x3F56e0c36d275367b8C502090EDF38289b3dEa0d,0xF132ea4610d4F278D611E1a177aca5280F89fB99,1.043030531754972119,
erc20,0x3F56e0c36d275367b8C502090EDF38289b3dEa0d,0x53FB7EDa85433D938b14891D2b3d5e11d152FaA3,1.121330164492090861,
erc20,0x3F56e0c36d275367b8C502090EDF38289b3dEa0d,0x9C8904fb0e713F4D0F6707c286edaE7A27f050e8,1.1450154439884727,
erc20,0x3F56e0c36d275367b8C502090EDF38289b3dEa0d,0x037be2500fAe074aDBf7bC267C89D8974e633D65,1.121330164492090861,
erc20,0x3F56e0c36d275367b8C502090EDF38289b3dEa0d,0xEE1d9ae5bfAEd69436b53618B936e2eC994E4b09,1.098202153250760865,
erc20,0x3F56e0c36d275367b8C502090EDF38289b3dEa0d,0x1116392D2655c7bd7120f05D9ABe8b352a8904A3,1.097578626437769562,
erc20,0x3F56e0c36d275367b8C502090EDF38289b3dEa0d,0x7753138bFcD0Be6D92bC9Cfe6d3Ba25E8bF2F74C,0.650985933634027639,
erc20,0x3F56e0c36d275367b8C502090EDF38289b3dEa0d,0x3fEdE98D1115723Ce9344CE6238De2467FC98a62,0.421037165130342436,
erc20,0x3F56e0c36d275367b8C502090EDF38289b3dEa0d,0x503391ad991d5714767c9002fDeA5f45693299bE,1.121330164492090861,
erc20,0x3F56e0c36d275367b8C502090EDF38289b3dEa0d,0x636bFC1dAde24c7E60E5807795E4534D42cb5803,1.677140750228411087,
erc20,0x3F56e0c36d275367b8C502090EDF38289b3dEa0d,0xD55DB41376953Ee548A440E2bEA2EAb217631218,1.120270407698945614,
erc20,0x3F56e0c36d275367b8C502090EDF38289b3dEa0d,0x4611c0FF11F9F9A34089C5Bb3c84BfDe1Cb0ACCC,0.522461890800683012,
erc20,0x3F56e0c36d275367b8C502090EDF38289b3dEa0d,0xE2d20A6129C76040e9AEc287D781B54a871f9a3b,1.037406970429813134,
erc20,0x3F56e0c36d275367b8C502090EDF38289b3dEa0d,0x7FE953168c1A8Eb0C0578CAFb396ec37B603B616,1.038897825999153522,
erc20,0x3F56e0c36d275367b8C502090EDF38289b3dEa0d,0x0C6f8e11428E7fC62d53D6d64eC988B8cF424ee0,2.146529428873362069,
erc20,0x3F56e0c36d275367b8C502090EDF38289b3dEa0d,0x9688D6e3bC680d0E7dAd7262B77Bcf7ac0996e06,1.121330164492090861,
erc20,0x3F56e0c36d275367b8C502090EDF38289b3dEa0d,0x4eb6716B0189D1a801BC96fcd08F397eAC9c61b3,1.232804320898253683,
erc20,0x3F56e0c36d275367b8C502090EDF38289b3dEa0d,0xEDB7AF625443Bec75d53544e091Ee3492ede8BC2,0.975283759127763821,
erc20,0x3F56e0c36d275367b8C502090EDF38289b3dEa0d,0x79fCf63bc28b68C8dc768D254d40eE19749900C3,0.640596540089441573,
erc20,0x3F56e0c36d275367b8C502090EDF38289b3dEa0d,0x7A6941D55f40400da1aAc05d0430c5e4Ca2A8cb5,0.640596540089441573,
erc20,0x3F56e0c36d275367b8C502090EDF38289b3dEa0d,0x2dC9b4F61F4bCa02E6C5479B1bB596A5CC4eFD3F,0.668424206498089858,
erc20,0x3F56e0c36d275367b8C502090EDF38289b3dEa0d,0xE51c4A096D583688BAa500350b46Fa498B4C3F92,1.109630469063373717,
erc20,0x3F56e0c36d275367b8C502090EDF38289b3dEa0d,0xc0555149B5A5D96AC016d3425b7986504190c3a0,0.669586281521480627,
erc20,0x3F56e0c36d275367b8C502090EDF38289b3dEa0d,0xee8e7DFb075e3f78F6afaa13db2ed0D1E53B7208,0.663021710134015136,
erc20,0x3F56e0c36d275367b8C502090EDF38289b3dEa0d,0x617497e958dC481432F077167C4f7922b9E17446,0.094240251614844748,
erc20,0x3F56e0c36d275367b8C502090EDF38289b3dEa0d,0x6ca7D692016Bb0789bCb5BF243CF269752992087,0.301618186083156185,
erc20,0x3F56e0c36d275367b8C502090EDF38289b3dEa0d,0x61a83D61eC0d94B365441eD7bf1d2A4AE777785d,1.121330164492090861,
erc20,0x3F56e0c36d275367b8C502090EDF38289b3dEa0d,0xf9e1D1e9F22c96752356AdFd377231528c7E851E,1.098202153250760865,
erc20,0x3F56e0c36d275367b8C502090EDF38289b3dEa0d,0x396d0b1F18425dD8B68deaD6B1CE9b80931Bc3DD,0.792583967596180593,
erc20,0x3F56e0c36d275367b8C502090EDF38289b3dEa0d,0x9F5F0b6FA27E66A3de1C0F17D6d6913c3C84A584,1.121330164492090861,
erc20,0x3F56e0c36d275367b8C502090EDF38289b3dEa0d,0x9B05b4bC996bf4609e61310A6cdEFA0250Dc5DB3,0.935535722273819124,
erc20,0x3F56e0c36d275367b8C502090EDF38289b3dEa0d,0x4bAB96fe520AD3faEbeeD5Cb6265eE34c4515db0,1.15394165127015535,
erc20,0x3F56e0c36d275367b8C502090EDF38289b3dEa0d,0xd9433fEB77953cF723f672b1E1dAf228AA3F55ae,1.121330164492090861,
erc20,0x3F56e0c36d275367b8C502090EDF38289b3dEa0d,0x88Fa395Aa8A7B57cFF6572Fd37B585e1E8CE3DAc,1.221250674199306886,
erc20,0x3F56e0c36d275367b8C502090EDF38289b3dEa0d,0x6C41d9169D27C436EDEBC08b53DCabDF901816E5,0.663021710134015136,
erc20,0x3F56e0c36d275367b8C502090EDF38289b3dEa0d,0x814473cc0acF6b0a6b6ff75e97d1668AA8d13640,1.14135991660645037,
erc20,0x3F56e0c36d275367b8C502090EDF38289b3dEa0d,0x98A01Bb1EF8aA5cA88F1B842463e50E92E9F57B3,1.120270407698945614,
erc20,0x3F56e0c36d275367b8C502090EDF38289b3dEa0d,0xFD7C418AA08bF9062A21fc2ffFA284B6b7Ae177A,2.197984097657438784,
erc20,0x3F56e0c36d275367b8C502090EDF38289b3dEa0d,0x072067b0810B93507F6645B0A6c52631e197B39b,1.123425940131403233,
erc20,0x3F56e0c36d275367b8C502090EDF38289b3dEa0d,0x1dF2535cf0956AbEC21C4738534885d3849d6578,1.192088803022687829,
erc20,0x3F56e0c36d275367b8C502090EDF38289b3dEa0d,0xAd3Ab318f9f7859D40f511839C083724C8345aF0,1.121330164492090861,
erc20,0x3F56e0c36d275367b8C502090EDF38289b3dEa0d,0xE2c1a36f6d39F3D1698078e6579fCAbb779B5a32,1.121330164492090861,
erc20,0x3F56e0c36d275367b8C502090EDF38289b3dEa0d,0x8AAFd02eC80dd4f39B23782161E9C8C088040Fee,1.121329625429480569,
erc20,0x3F56e0c36d275367b8C502090EDF38289b3dEa0d,0x11EA7888C0020D34CB37e89aC8bd544120bb16EC,1.221250674199306886,
erc20,0x3F56e0c36d275367b8C502090EDF38289b3dEa0d,0x7982aFab21Fb7ec585d762Ad5Ed1A72194982fD5,0.687664539305427175,
erc20,0x3F56e0c36d275367b8C502090EDF38289b3dEa0d,0xF64a494f214f67262C7ef51b066B01413fc20f66,1.229638637244403894,
erc20,0x3F56e0c36d275367b8C502090EDF38289b3dEa0d,0x1d85e34db53fd463e2116b0329b3497Ee06c45C0,0.272316954274218317,
erc20,0x3F56e0c36d275367b8C502090EDF38289b3dEa0d,0x511d4Ff6305B22EA3cFA5e7669E65cf180A2C3Fa,1.08136423414287744,
erc20,0x3F56e0c36d275367b8C502090EDF38289b3dEa0d,0x49A4fa0f6d49B54A90A8f0e955C5558CdE59B069,1.211589543137460931,
erc20,0x3F56e0c36d275367b8C502090EDF38289b3dEa0d,0x453b33F33EAcfA5d8ad5BE61980F38e2A06AbbE3,1.110227885635733525,
erc20,0x3F56e0c36d275367b8C502090EDF38289b3dEa0d,0xbE1eEc52C152Dbb3D52322A1A514a71C7f06173C,1.22086785214089487,
erc20,0x3F56e0c36d275367b8C502090EDF38289b3dEa0d,0x2A15522102f7884DEa6Be9B44cD2fC21b8c461dB,0.79785841932659188,
erc20,0x3F56e0c36d275367b8C502090EDF38289b3dEa0d,0x7e4Cab656162C16a2326c7B008C9CEE2f978af5C,1.029795354027522723,
erc20,0x3F56e0c36d275367b8C502090EDF38289b3dEa0d,0x00cDEbc042C87C95e439E1AeFa0Bd3a8014dA577,1.16331760658155545,
erc20,0x3F56e0c36d275367b8C502090EDF38289b3dEa0d,0x6A33D28d7f1E7CcAD132304a6AbD87336A7754Fa,1.122174749190481217,
erc20,0x3F56e0c36d275367b8C502090EDF38289b3dEa0d,0xC0670AA54EE845f4031E3FA1aD7656D70D4976Bc,1.110227885635733525,
erc20,0x3F56e0c36d275367b8C502090EDF38289b3dEa0d,0xFa93c9A95727268b88Ff77b5396ED3B8b59a1BA1,1.121329625429480569,
erc20,0x3F56e0c36d275367b8C502090EDF38289b3dEa0d,0xA6c82f8e118Ed5cBEFbf6977996e35E2232F410d,1.109879865582631693,
erc20,0x3F56e0c36d275367b8C502090EDF38289b3dEa0d,0x2A475D696a131567cAF27EbddE7025F2913a97d3,1.175261970236024842,
erc20,0x3F56e0c36d275367b8C502090EDF38289b3dEa0d,0x0b568eCA95ec8d49d6A178D11efb4aA441eE062F,0.776792996862477944,
erc20,0x3F56e0c36d275367b8C502090EDF38289b3dEa0d,0x966117C10C9FeA6a936183C5D932c35113D52199,1.117896314341828553,
erc20,0x3F56e0c36d275367b8C502090EDF38289b3dEa0d,0xe2A330F767F600382CbEA40BCF97037fB398B578,1.035771785288916084,
erc20,0x3F56e0c36d275367b8C502090EDF38289b3dEa0d,0xf091dA25978000673De3d9CFbc6536b293146e2B,1.163179599757773237,
erc20,0x3F56e0c36d275367b8C502090EDF38289b3dEa0d,0x3e3086a014872dfbF106552dfC3a8f4066698Bba,1.054203680421015366,
erc20,0x3F56e0c36d275367b8C502090EDF38289b3dEa0d,0xa29131eDe1B0465D610A616424D4A4E830f69E69,1.132432443348448197,
erc20,0x3F56e0c36d275367b8C502090EDF38289b3dEa0d,0x7811DF09C3415E99BEB22122123932E2Fe1Ef0b0,1.132432443348448197,
erc20,0x3F56e0c36d275367b8C502090EDF38289b3dEa0d,0xc3122FEB8855a05C9020FC8092d9266D13C2AA89,1.342954637354984356,
erc20,0x3F56e0c36d275367b8C502090EDF38289b3dEa0d,0xe12536773CF1c15653eFbd8E91A637bFd390C897,1.109178621484104568,
erc20,0x3F56e0c36d275367b8C502090EDF38289b3dEa0d,0xe0a56d8d8ceFc6f012A66885d4cC2Bad394b116A,1.086279600453084772,
erc20,0x3F56e0c36d275367b8C502090EDF38289b3dEa0d,0xbF77B8a74Db0844032cFfB3EEB487FC500765C4e,1.271785649967716714,
erc20,0x3F56e0c36d275367b8C502090EDF38289b3dEa0d,0xd9B4399C3A1FC9Ac0546405E4801B83a8E53550A,1.121330164492090861,
erc20,0x3F56e0c36d275367b8C502090EDF38289b3dEa0d,0xbe9D7b208A1103c4F5327dc8061Bf93292FeA078,1.121329625429480569,
erc20,0x3F56e0c36d275367b8C502090EDF38289b3dEa0d,0xFC18fc3f4C7A2774Ed390581c5eb263260463B55,1.121330164492090861,
erc20,0x3F56e0c36d275367b8C502090EDF38289b3dEa0d,0x991eEea3BC88F5af8574296bCbF85764054e9773,1.108922212523861321,
erc20,0x3F56e0c36d275367b8C502090EDF38289b3dEa0d,0xDe1F6B472CFc451d0Ae4DB554834CE5686dd7E39,1.186911412735016929,
erc20,0x3F56e0c36d275367b8C502090EDF38289b3dEa0d,0x54ff471928AfA616A7150c3c7dbBd37Ec9D10C1b,1.069609371881767923,
erc20,0x3F56e0c36d275367b8C502090EDF38289b3dEa0d,0x207ED1BD3B4384F249A42607d51C641Ae64f8944,1.109317239858124509,
erc20,0x3F56e0c36d275367b8C502090EDF38289b3dEa0d,0x74ce0fB82a63e69D1E199d59240eAA2a4955e0c5,0.981641128374049702,
erc20,0x3F56e0c36d275367b8C502090EDF38289b3dEa0d,0x24fF2916459c2230693998d32261b8AcFaC81ae7,4.09423324181583408,
erc20,0x3F56e0c36d275367b8C502090EDF38289b3dEa0d,0x6Ff60c923F9089Ae35Af70750754Abd95856c2c2,0.659739424440282389,
erc20,0x3F56e0c36d275367b8C502090EDF38289b3dEa0d,0x108cD796F415E1bc04A2d239A4f778A6733fC35b,1.120995505638474017,
erc20,0x3F56e0c36d275367b8C502090EDF38289b3dEa0d,0x25B99f078903F7702D3F44b1f8a4fe88Bc5d1036,0.64687689832561257,
erc20,0x3F56e0c36d275367b8C502090EDF38289b3dEa0d,0xDc2BD5f571e34646D4310f86014c2f2fE0FF98Db,0.092506148748651052,
erc20,0x3F56e0c36d275367b8C502090EDF38289b3dEa0d,0x436877b53429A6f5EB0030a2b11558141D3E2ebf,0.093533446984602415,
erc20,0x3F56e0c36d275367b8C502090EDF38289b3dEa0d,0x4f021FDBDdF22D59962630AbA9672cC942A97571,0.092371851454568433,
erc20,0x3F56e0c36d275367b8C502090EDF38289b3dEa0d,0xa425A98a70389eE9cC440CE280546CbB82A1F056,0.09311446200358481,
erc20,0x3F56e0c36d275367b8C502090EDF38289b3dEa0d,0x4718cc0D5194EA59D3C0E4d8145242b44f945A8a,0.093429670664013053,
erc20,0x3F56e0c36d275367b8C502090EDF38289b3dEa0d,0xB24b1219598BF2b4374c59fEDF4eEA5839DF9b1c,1.109981969317006567,
erc20,0x3F56e0c36d275367b8C502090EDF38289b3dEa0d,0xfe51a005B48eD91897C24336Ea6eA5fcc75E84dB,1.121330164492090861,
erc20,0x3F56e0c36d275367b8C502090EDF38289b3dEa0d,0xDDb4df12b4F4a78C3BE93a5fafF52cee646Dbc75,1.132896590389919176,
erc20,0x3F56e0c36d275367b8C502090EDF38289b3dEa0d,0xF15D39646cdfC7F794Dfa2af82b99Ab7b6b569ac,1.029254039334994297,
erc20,0x3F56e0c36d275367b8C502090EDF38289b3dEa0d,0x9Ea581dbBE873f649C638576e7790CB63aC608b9,1.019063405282172575,
erc20,0x3F56e0c36d275367b8C502090EDF38289b3dEa0d,0x55546D32945B0CA05B936B660499682FDDBc4281,0.987602185305793324,
erc20,0x3F56e0c36d275367b8C502090EDF38289b3dEa0d,0x818F1ad90E203e6C6Ab7917a3Fb7d0a97CD03a42,1.019063405282172575,
erc20,0x3F56e0c36d275367b8C502090EDF38289b3dEa0d,0xb23c0dE2D546ECB88A012dee063E7Ca5f43F678F,1.029254039334994297,
erc20,0x3F56e0c36d275367b8C502090EDF38289b3dEa0d,0xc7d72FC7e49168d133A8768dAc31272732BfEc31,1.029254039334994297,
erc20,0x3F56e0c36d275367b8C502090EDF38289b3dEa0d,0x43829971413B0c946C78F2dA31bf69FC3Bc02c98,0.135079042410892176,
erc20,0x3F56e0c36d275367b8C502090EDF38289b3dEa0d,0x0a8444591F754c81A5dF9f297b2a6d7b2e7C84f1,1.357461897494950581,
erc20,0x3F56e0c36d275367b8C502090EDF38289b3dEa0d,0x7411317026EFbDCc4908bF91acf22fAe4758aFeE,1.0700165755462812,
erc20,0x3F56e0c36d275367b8C502090EDF38289b3dEa0d,0xdF5440c15A47b0495a641aB9ce8750630612BF2a,0.8320326394409035,
erc20,0x3F56e0c36d275367b8C502090EDF38289b3dEa0d,0x5f62ecE59FbBA2Bae1654e9b69bbfA4e4d5b329b,0.956764671770159937,
erc20,0x3F56e0c36d275367b8C502090EDF38289b3dEa0d,0xc8319232617318aF840f147393D24ce466A20604,0.902278020784880435,
erc20,0x3F56e0c36d275367b8C502090EDF38289b3dEa0d,0x4a47B028683C20BD2f50Bc0dDBdD1D7aB94c23aa,0.723989745113453871,
erc20,0x3F56e0c36d275367b8C502090EDF38289b3dEa0d,0xC8B1a2780A0f83003CDCe787b053033a4e25490B,0.526029529291400679,
erc20,0x3F56e0c36d275367b8C502090EDF38289b3dEa0d,0x677133cbF3784C8E58A7e2c3649d8E0BFB42848E,1.443018913423452791,
erc20,0x3F56e0c36d275367b8C502090EDF38289b3dEa0d,0x539E5727C498bFaeFc405077375799aEd5F94EAE,0.929682574711067222,
erc20,0x3F56e0c36d275367b8C502090EDF38289b3dEa0d,0x01328e82Fbc87D90fcfE7EE3a7932a6Da3148f5B,0.885411975915302117,
erc20,0x3F56e0c36d275367b8C502090EDF38289b3dEa0d,0xC737646248DDA99751B0A6d9c53bd51e87c0f6fa,0.894266095674455139,
erc20,0x3F56e0c36d275367b8C502090EDF38289b3dEa0d,0xE440daeb2E186571bFc1Dd6cAEf5767BF6476a3C,0.923817831135718406,
erc20,0x3F56e0c36d275367b8C502090EDF38289b3dEa0d,0x5afa09aD4cDB278dbae2fc3B16d29b37F86F8A89,0.871658633514334558,
erc20,0x3F56e0c36d275367b8C502090EDF38289b3dEa0d,0x190cB8AC64C5FF16419AE7101b49803B4F16F239,0.830151079537461485,
erc20,0x3F56e0c36d275367b8C502090EDF38289b3dEa0d,0xA209343fa957736AABCc5Df01c4eE6f1246D67C5,0.838452590332836096,
erc20,0x3F56e0c36d275367b8C502090EDF38289b3dEa0d,0xa73aC33E9eb1f9e735f6233Ac348c429b1E0Dd9e,0.830151079537461485,
erc20,0x3F56e0c36d275367b8C502090EDF38289b3dEa0d,0x6017B1d17f4D7547dC4aac88fbD0AA1826e7e6CE,0.830151079537461485,
erc20,0x3F56e0c36d275367b8C502090EDF38289b3dEa0d,0x4112Cc3bfd4ab3A92B03fA44f64b75B7d65294Ff,0.497212906954970104,
erc20,0x3F56e0c36d275367b8C502090EDF38289b3dEa0d,0xD748C80c5f81b8ADbD9164A21675e209E3C5E996,0.807252058506441686,
erc20,0x3F56e0c36d275367b8C502090EDF38289b3dEa0d,0xDD110363390062B85D820eFfeD9D0C75c62d9717,0.795365004238827684,
erc20,0x3F56e0c36d275367b8C502090EDF38289b3dEa0d,0xc213b1d0db3B5C834174451A45aF54CD701C2935,0.786400934731965793,
erc20,0x3F56e0c36d275367b8C502090EDF38289b3dEa0d,0x77E3D9DCFd4A47897318BE4EB258Bf48C5989D6A,0.78764856905909725,
erc20,0x3F56e0c36d275367b8C502090EDF38289b3dEa0d,0xcFcd11114044ab656dA30D102bA32aD9E04Ee21b,0.516743206137644328,
erc20,0x3F56e0c36d275367b8C502090EDF38289b3dEa0d,0x2958C72b2449c503649ffd6eCD0997e0047B4C23,0.857835075212878197,
erc20,0x3F56e0c36d275367b8C502090EDF38289b3dEa0d,0x6Bf7Fda767e4f8337f8BB2caBc9A4894072b53AA,1.416790914824346138,
erc20,0x3F56e0c36d275367b8C502090EDF38289b3dEa0d,0x9aBCD812bFFc1ef2E81a2DDe75B5eD8809289D9D,0.970693213165854394,
erc20,0x3F56e0c36d275367b8C502090EDF38289b3dEa0d,0x2F78740dd2d260b3Fff102CfA10d451b48b9C746,0.733519953822677676,
erc20,0x3F56e0c36d275367b8C502090EDF38289b3dEa0d,0xfE5E4a2f65E6841F9de9F5c18A0e2620e4FB7e4f,0.043442140075828488,
erc20,0x3F56e0c36d275367b8C502090EDF38289b3dEa0d,0xd7DBCc5e9412Db6FDcE1893C1566eABD434AD459,0.740855153360904453,
erc20,0x3F56e0c36d275367b8C502090EDF38289b3dEa0d,0x4069CF66d928706306A9817dc78eb3126ac6343F,0.334399758105970079,
erc20,0x3F56e0c36d275367b8C502090EDF38289b3dEa0d,0x5Dd784DE456779F40378CE3422fD5Cfbc679A7cC,0.577569939698095943,
erc20,0x3F56e0c36d275367b8C502090EDF38289b3dEa0d,0xcc0559D05B20f0f8E29E92c9381425D819476682,0.452130503924027265,
erc20,0x3F56e0c36d275367b8C502090EDF38289b3dEa0d,0x7553fa99AB1f429551eeC660708C08E14E30584F,0.733519953822677676,
erc20,0x3F56e0c36d275367b8C502090EDF38289b3dEa0d,0x0263b6c362fa45490A6ED0EadfD7d63ad494846C,0.690507933945619746,
erc20,0x3F56e0c36d275367b8C502090EDF38289b3dEa0d,0xED80B758F8788CfD8af5D9d64C76911A68Ec111D,0.697413013285075941,
erc20,0x3F56e0c36d275367b8C502090EDF38289b3dEa0d,0x02A6FAadc8fDacf8BF99951b3C6303EF19168149,0.477126473332523909,
erc20,0x3F56e0c36d275367b8C502090EDF38289b3dEa0d,0xCE5207F4794a8a7aF314169b5b54B622935cf08E,0.697413013285075941,
erc20,0x3F56e0c36d275367b8C502090EDF38289b3dEa0d,0x93293f3117fD5398A11A20674a6Deae2Ac51B099,0.248574046409257648,
erc20,0x3F56e0c36d275367b8C502090EDF38289b3dEa0d,0x33ba18d5b6A353AEC2788A8c68810D87c1653EF9,0.381919852312842875,
erc20,0x3F56e0c36d275367b8C502090EDF38289b3dEa0d,0xBcdC818c2F01230D6d28fDf3e4d7d28adadD852A,0.404255711848943584,
erc20,0x3F56e0c36d275367b8C502090EDF38289b3dEa0d,0x8b9bCd0E2DF2987912BAc416518aF0799cBE349F,0.697413013285075941,
erc20,0x3F56e0c36d275367b8C502090EDF38289b3dEa0d,0x06f3Cb03AD42808Cf471E44530c1ddFA3fED518C,0.690507933945619746,
erc20,0x3F56e0c36d275367b8C502090EDF38289b3dEa0d,0xbB0eB39859dfb1F65E2EE16421E777b256453527,0.179659303374669162,
erc20,0x3F56e0c36d275367b8C502090EDF38289b3dEa0d,0xB261509DF4b74963e29996eB30C6058c0c75810B,0.664136400015400777,
erc20,0x3F56e0c36d275367b8C502090EDF38289b3dEa0d,0x7980b002bb84C8f6Cfa47D6c18aB18F1c3980C15,0.64549605928785798,
erc20,0x3F56e0c36d275367b8C502090EDF38289b3dEa0d,0x4C23AE1f298Fe34450C7d0E12f006E5AC8C46700,0.650340846002913147,
erc20,0x3F56e0c36d275367b8C502090EDF38289b3dEa0d,0x69d85EB477895872932839EbaB13c9BD372F333A,0.658349452826750663,
erc20,0x3F56e0c36d275367b8C502090EDF38289b3dEa0d,0x7a76ea3D90E842ac69dED5eaA3DA3A13244b0359,0.639105009195898995,
erc20,0x3F56e0c36d275367b8C502090EDF38289b3dEa0d,0xBF101c0CdD30aF43206370FefB13D5534f0f1fAe,0.656844254462942276,
erc20,0x3F56e0c36d275367b8C502090EDF38289b3dEa0d,0x254465D5558a53b74b1208F311793b71FcA35458,1.466029078063388179,
erc20,0x3F56e0c36d275367b8C502090EDF38289b3dEa0d,0x63a4c7f6A827553847235Cca83d795502C1CFE95,0.663347662922971408,
erc20,0x3F56e0c36d275367b8C502090EDF38289b3dEa0d,0xC4a198A79a5ad4fce374904d503b5fA32D6edd8d,0.624924559205379052,
erc20,0x3F56e0c36d275367b8C502090EDF38289b3dEa0d,0x4B935A52a887BF017B4e5e0151B71F518d0810a8,0.633709011869317111,
erc20,0x3F56e0c36d275367b8C502090EDF38289b3dEa0d,0xb4Eb7610C445d25f616EDb02E8034C6FDd997CC9,0.643885947476329415,
erc20,0x3F56e0c36d275367b8C502090EDF38289b3dEa0d,0xd22f473a88430f626D60D70Fd96d51B2e7190601,0.577223450853581904,
erc20,0x3F56e0c36d275367b8C502090EDF38289b3dEa0d,0x1d8c586c93AbD9F0DD21B985060ed1419324B2e3,0.577223450853581904,
erc20,0x3F56e0c36d275367b8C502090EDF38289b3dEa0d,0x42042006291872C3677F6562a27E66Be11fe1da0,0.593650075817973135,
erc20,0x3F56e0c36d275367b8C502090EDF38289b3dEa0d,0x7c2bB72975Eda3b90abff33F01930B7B143B8Dee,0.577223450853581904,
erc20,0x3F56e0c36d275367b8C502090EDF38289b3dEa0d,0xC62D565b23503D043434AD6bb5B886B30C954c51,0.580109568107849811,
erc20,0x3F56e0c36d275367b8C502090EDF38289b3dEa0d,0x59432168f899D62aEa05ac53c654494C49f7B481,0.54727951541053313,
erc20,0x3F56e0c36d275367b8C502090EDF38289b3dEa0d,0xfD1Ce9ceb2c492B3ddebE62a037f07b32BfCAf6E,0.243788562080326318,
erc20,0x3F56e0c36d275367b8C502090EDF38289b3dEa0d,0xF787b3de501EBb106Cf0b7Fff80a9199F2CB56B1,0.06220124356798312,
erc20,0x3F56e0c36d275367b8C502090EDF38289b3dEa0d,0x3ae3621beb878AdBCb4dB1CE555d691759611b97,0.547358350165083063,
erc20,0x3F56e0c36d275367b8C502090EDF38289b3dEa0d,0x79C4213a328E3B4F1D87b4953C14759399dB25E2,2.092236458798227043,
erc20,0x3F56e0c36d275367b8C502090EDF38289b3dEa0d,0xE94e955aAF45eB72823577a179f04c46B8ed2098,0.512151221270063981,
erc20,0x3F56e0c36d275367b8C502090EDF38289b3dEa0d,0xF35e85a1E6BF36c6cF20479A8bB94EbBfd735563,0.51727273348276462,
erc20,0x3F56e0c36d275367b8C502090EDF38289b3dEa0d,0x74FC2dB2c55E6Ec92e01Be803c10E866Be7e967C,0.512151221270063981,
erc20,0x3F56e0c36d275367b8C502090EDF38289b3dEa0d,0xa922137a1430A136bd4416F26785cD5821f68618,0.505621035291209313,
erc20,0x3F56e0c36d275367b8C502090EDF38289b3dEa0d,0xc7d7eb80D2e1759f30b0fedf465C3845A7958919,0.505924538307680327,
erc20,0x3F56e0c36d275367b8C502090EDF38289b3dEa0d,0x15C12d0c2b6f7c9d14af3758b5549199952dde77,0.516340257705593327,
erc20,0x3F56e0c36d275367b8C502090EDF38289b3dEa0d,0x858e79de47CD6f7395913CbEf036d610eaD331AC,0.512151221270063981,
erc20,0x3F56e0c36d275367b8C502090EDF38289b3dEa0d,0x05c40bc7c6cB2a5ECc0B80886dc4dDb9f98c2ff4,1.550411305552700616,
erc20,0x3F56e0c36d275367b8C502090EDF38289b3dEa0d,0xcF9Db2BDDe55Fac96E6402e0D5fD5676AC42202e,0.48701398263882026,
erc20,0x3F56e0c36d275367b8C502090EDF38289b3dEa0d,0x3506e5f79754e8aAd83152b8E6189b6c5508AAD4,0.611264096761973756,
erc20,0x3F56e0c36d275367b8C502090EDF38289b3dEa0d,0x4565243E9A37458fA811948EcF3B2BDfD0a0EfA8,0.171520821666587196,
erc20,0x3F56e0c36d275367b8C502090EDF38289b3dEa0d,0x7247Dd58EC2a137694AF7fE3Ea593b74308c65cE,0.48701398263882026,
erc20,0x3F56e0c36d275367b8C502090EDF38289b3dEa0d,0xcabC8491816d5fA9F141c722FD8A08f2fd538333,0.482192062018633921,
erc20,0x3F56e0c36d275367b8C502090EDF38289b3dEa0d,0x69b38da50A977Dc61C7571c9DC8192Ea1A884DCB,0.484844118359736409,
erc20,0x3F56e0c36d275367b8C502090EDF38289b3dEa0d,0x67d832d19645a61442Fd7967F9Ec9Fe42bf271a6,0.231577751251205938,
erc20,0x3F56e0c36d275367b8C502090EDF38289b3dEa0d,0x8D3654761718D3a6d252A0e24e5711Fd14a39EaB,0.34463588709539469,
erc20,0x3F56e0c36d275367b8C502090EDF38289b3dEa0d,0xBf44850AcEe30573146C260374a7f8771a547CD9,0.482192062018633921,
erc20,0x3F56e0c36d275367b8C502090EDF38289b3dEa0d,0x5C850951fA56a89D8aE4a0F4D5387eeFb403919C,0.482192062018633921,
erc20,0x3F56e0c36d275367b8C502090EDF38289b3dEa0d,0xFA95a23d38F162EFA06f7e84618bBa4b99a08cF4,0.456039600623629788,
erc20,0x3F56e0c36d275367b8C502090EDF38289b3dEa0d,0xc9Fe2d0C9C90Ad3C90cc267c7D1da44bB4E4A4fF,0.499147821578102258,
erc20,0x3F56e0c36d275367b8C502090EDF38289b3dEa0d,0x04cD441acB9f40AC2de0F5150f29847AA6b824a1,0.459146068681925999,
erc20,0x3F56e0c36d275367b8C502090EDF38289b3dEa0d,0x211a26A3fc01b01B217b76C391902e42E3e1eE91,0.632317900029821203,
erc20,0x3F56e0c36d275367b8C502090EDF38289b3dEa0d,0x682A7394AE7d5834a1c409B01c04018ecA8DadFB,0.266241311761528031,
erc20,0x3F56e0c36d275367b8C502090EDF38289b3dEa0d,0xa68aB6d6668745c4585667aE4a91c0032dBb932f,0.435314418243385157,
erc20,0x3F56e0c36d275367b8C502090EDF38289b3dEa0d,0x4f0aAECb778473E83591885E1539e6D4A41c4AD1,0.43104662982923432,
erc20,0x3F56e0c36d275367b8C502090EDF38289b3dEa0d,0x95F4a4186b81531a1c1Ab1E126Ec6a1A9f98E75A,1.020067774896053005,
erc20,0x3F56e0c36d275367b8C502090EDF38289b3dEa0d,0x4337A241DD81f774017DB547c789f067f68f8501,0.396243055278310656,
erc20,0x3F56e0c36d275367b8C502090EDF38289b3dEa0d,0x4888dbdBEf2A7462B337471FF51cefcC0971b694,0.410373317818772153,
erc20,0x3F56e0c36d275367b8C502090EDF38289b3dEa0d,0x96e5c0c9a457e7Fa51cE684fcc6Ef80040A1A591,0.405138194110101303,
erc20,0x3F56e0c36d275367b8C502090EDF38289b3dEa0d,0x08c1fF6430320C8A7157c265DF21662d7c551546,0.412788663301018039,
erc20,0x3F56e0c36d275367b8C502090EDF38289b3dEa0d,0xC3D8beB4662dCFCABe95859cD5bE08e9a29Af83e,0.409149463358716169,
erc20,0x3F56e0c36d275367b8C502090EDF38289b3dEa0d,0x046CfF41F643c34cE98437d1607Bf5C1C02BD23a,0.406350329042582278,
erc20,0x3F56e0c36d275367b8C502090EDF38289b3dEa0d,0x72404360dD03F64710A6aeCD8fA29945e7E4dD30,0.384262645779666385,
erc20,0x3F56e0c36d275367b8C502090EDF38289b3dEa0d,0x4d30484C796162E9f933A9Edd4981F4aa808D3C6,0.35382906306669235,
erc20,0x3F56e0c36d275367b8C502090EDF38289b3dEa0d,0xE6B16624558fa46376AACE41811f7e109e997b42,0.380495364938689267,
erc20,0x3F56e0c36d275367b8C502090EDF38289b3dEa0d,0x45ABFF59e0bB48D9920C5974cf4ad2271b7508C5,0.353505200470832425,
erc20,0x3F56e0c36d275367b8C502090EDF38289b3dEa0d,0xE369e8176960aFa83aaf9a396C52FD091380093A,0.360499903894332101,
erc20,0x3F56e0c36d275367b8C502090EDF38289b3dEa0d,0x00645Dd21310882cC32399abCb54e0a05b3b5D1d,0.3098480514486338,
erc20,0x3F56e0c36d275367b8C502090EDF38289b3dEa0d,0x3021A59F56cAe360183C40965D7059a4a73A7Ba7,0.347960012461794105,
erc20,0x3F56e0c36d275367b8C502090EDF38289b3dEa0d,0x00cbC670EfC807b020C6118812A8B45677A9c3c9,0.334704392939440042,
erc20,0x3F56e0c36d275367b8C502090EDF38289b3dEa0d,0x4d5EaE22Afd5CA3E7B493889287aB09CE49c3634,0.041547091503307687,
erc20,0x3F56e0c36d275367b8C502090EDF38289b3dEa0d,0x634EA5142039756816418931AAB3A26e7a209f8c,0.331721878546910376,
erc20,0x3F56e0c36d275367b8C502090EDF38289b3dEa0d,0x13908D3Fab410220fCC549353e34Bd29F7F6d308,0.626382427414722713,
erc20,0x3F56e0c36d275367b8C502090EDF38289b3dEa0d,0x2182a3819cEFd767c846407b65c7fD6FaF423e0f,0.340443693712818763,
erc20,0x3F56e0c36d275367b8C502090EDF38289b3dEa0d,0xc6882F85FdF6E0DbA6B6ba11145397C435A41116,0.302785007003040213,
erc20,0x3F56e0c36d275367b8C502090EDF38289b3dEa0d,0x9ae07f4f2A9498EA935f6871725cF596820e7E7F,0.310325065594737591,
erc20,0x3F56e0c36d275367b8C502090EDF38289b3dEa0d,0x92a4F58009dF9eaC5f2AF6d05977683639f0060e,0.020070311697576844,
erc20,0x3F56e0c36d275367b8C502090EDF38289b3dEa0d,0xdc7434D709bdbf483eD74989EAe91c17b7CE1a33,0.313428316250684966,
erc20,0x3F56e0c36d275367b8C502090EDF38289b3dEa0d,0x26c9a6C65d9Ff6CD9461E3c0D6213711b8AD4790,0.313428316250684966,
erc20,0x3F56e0c36d275367b8C502090EDF38289b3dEa0d,0x3B82B31bBE0DC3fE0f13D17f9a4d0455eF562e06,0.313428316250684966,
erc20,0x3F56e0c36d275367b8C502090EDF38289b3dEa0d,0x2aC4ef2a82ac6E5D7E6e12DB9FA77D16AfEA0669,0.296059848975103943,
erc20,0x3F56e0c36d275367b8C502090EDF38289b3dEa0d,0x8CE17FF2c7376e9aDfe9C63C47a801097fA6C525,0.319280229286876807,
erc20,0x3F56e0c36d275367b8C502090EDF38289b3dEa0d,0xdc3cc11485Ecd459477aFe0781cCc292De1f6A6c,0.290254753897160734,
erc20,0x3F56e0c36d275367b8C502090EDF38289b3dEa0d,0x470D235cA1CafF614AbEE02D98Ac3aa89A6758bD,0.273841306943032071,
erc20,0x3F56e0c36d275367b8C502090EDF38289b3dEa0d,0x8d0EFE7dB232fe95f9073D3a0ABDb4b6BB7CC68E,0.232494776473433665,
erc20,0x3F56e0c36d275367b8C502090EDF38289b3dEa0d,0x09Cb15D83E904818ee567fE2d7F7f2F430966434,0.273841306943032071,
erc20,0x3F56e0c36d275367b8C502090EDF38289b3dEa0d,0x91A97DfBfA6f9bCcf8D528c5a1f6dC24C8A615e0,0.271130006874289181,
erc20,0x3F56e0c36d275367b8C502090EDF38289b3dEa0d,0x170B2B14EbF9D10FE8d4EBaa160fAeb59e39b5d5,0.14693121514615494,
erc20,0x3F56e0c36d275367b8C502090EDF38289b3dEa0d,0xF4E7d652Bc86B756c9F22e8614a91dE19E98D97E,0.328455569196223489,
erc20,0x3F56e0c36d275367b8C502090EDF38289b3dEa0d,0x2166709A3bd85C4CD57b3A751Ad684b3aA667F18,0.273579727709303162,
erc20,0x3F56e0c36d275367b8C502090EDF38289b3dEa0d,0xCE5671E1Dfc2F844bb7F3D8e7e406470DD7a0069,0.385404310102465907,
erc20,0x3F56e0c36d275367b8C502090EDF38289b3dEa0d,0xbd02B1A3006520EfE29746A385816C92abc2cbea,0.252907159789717136,
erc20,0x3F56e0c36d275367b8C502090EDF38289b3dEa0d,0x5c32614B9d4237a06606E6969073c2D8644D1a79,0.255355425438591776,
erc20,0x3F56e0c36d275367b8C502090EDF38289b3dEa0d,0xd5fD5b9427FBCbA41339904E26a9649b813781C9,0.255436231387614307,
erc20,0x3F56e0c36d275367b8C502090EDF38289b3dEa0d,0x1999023e1b66184229DfDe6387c8497dec2E7fc0,0.254230307075229103,
erc20,0x3F56e0c36d275367b8C502090EDF38289b3dEa0d,0x0b7C2588fdF47360666B910ff505A3663bd0b892,0.255436231387614307,
erc20,0x3F56e0c36d275367b8C502090EDF38289b3dEa0d,0x449dDC6231d1AF99c966E2922aC70aD878083310,0.252907159789717136,
erc20,0x3F56e0c36d275367b8C502090EDF38289b3dEa0d,0x8246DD76d12a2b839fa36BEe3a83978648c476c4,0.255436231387614307,
erc20,0x3F56e0c36d275367b8C502090EDF38289b3dEa0d,0xD47835d494AC1Bf8C140B6A04E69b67e75928022,0.255436231387614307,
erc20,0x3F56e0c36d275367b8C502090EDF38289b3dEa0d,0xC3a16582fd59D96fE993cd015172bf5199d39C96,0.255436231387614307,
erc20,0x3F56e0c36d275367b8C502090EDF38289b3dEa0d,0x997B007A41AB0ee8eF0fC51d23FED1DC205d8eDF,0.379360739684575709,
erc20,0x3F56e0c36d275367b8C502090EDF38289b3dEa0d,0x11e32bB1CF76cd88B26Bd75F7075aC3AC1F4e064,0.252907159789717136,
erc20,0x3F56e0c36d275367b8C502090EDF38289b3dEa0d,0x8F2CF6A29DAECCD027201806f26a76C590177594,0.255295308254861287,
erc20,0x3F56e0c36d275367b8C502090EDF38289b3dEa0d,0xe6f7b37dd383E761B3a827679efb63ede7E38942,0.253412974109296571,
erc20,0x3F56e0c36d275367b8C502090EDF38289b3dEa0d,0x3FA756e0b4afCC0f0bFD755281fedF82D92927Bd,0.255436231387614307,
erc20,0x3F56e0c36d275367b8C502090EDF38289b3dEa0d,0xe8d533FD66C1726c8f6CddC7c64a17F4D8FaC404,0.255436231387614307,
erc20,0x3F56e0c36d275367b8C502090EDF38289b3dEa0d,0x936915A08E7C18b649A02203b9706Bed489F9c68,0.353319921065756013,
erc20,0x3F56e0c36d275367b8C502090EDF38289b3dEa0d,0x4A07a7c6fe412d14134DcE2Bb738B32757B968Fe,0.221203158474188292,
erc20,0x3F56e0c36d275367b8C502090EDF38289b3dEa0d,0xf4608D1DD61d0Fbfe76AaC5f9B7e21810b18C876,0.203274239705459147,
erc20,0x3F56e0c36d275367b8C502090EDF38289b3dEa0d,0x991671f65AB1bFbD8B0Dfc74f904f486165387Aa,0.205306982102513736,
erc20,0x3F56e0c36d275367b8C502090EDF38289b3dEa0d,0xFade89CB80A7f5a98DeFC4C2320A39580162740e,0.203274239705459147,
erc20,0x3F56e0c36d275367b8C502090EDF38289b3dEa0d,0x03A6773edEF1D84FaC696aD9b02e9b8E1eA458e1,0.195879170956413892,
erc20,0x3F56e0c36d275367b8C502090EDF38289b3dEa0d,0x0aA206B6C29945644024916fbF645d278e896Cd3,0.19018342684787735,
erc20,0x3F56e0c36d275367b8C502090EDF38289b3dEa0d,0x5F071f2CE06084811be5B2EF2e9D2773f53d32CB,0.175804124854191884,
erc20,0x3F56e0c36d275367b8C502090EDF38289b3dEa0d,0x99763D915Bf252f9f8E18794af726B9a21AEBd9c,0.160601744665416869,
erc20,0x3F56e0c36d275367b8C502090EDF38289b3dEa0d,0x29A0e1DaE16dE1BB5fB0413bB1f4763615E96190,0.164653233935811888,
erc20,0x3F56e0c36d275367b8C502090EDF38289b3dEa0d,0x4DF8567aE0Db9e444dAd7637E3c57cC99A4D4e88,0.025690336806823439,
erc20,0x3F56e0c36d275367b8C502090EDF38289b3dEa0d,0x9DF22b0C912a1aA0E7388BD74c698D17d471c100,0.160537529653555444,
erc20,0x3F56e0c36d275367b8C502090EDF38289b3dEa0d,0xe5d81171D523cc6E68F5348710F3a62b2c6e795c,0.149175004951359088,
erc20,0x3F56e0c36d275367b8C502090EDF38289b3dEa0d,0x9450765a493fc5cd4b868f9e8E3Cf020C4D11b84,0.012297980537820418,
erc20,0x3F56e0c36d275367b8C502090EDF38289b3dEa0d,0x3238934316238ebBdA1ffb229ec9A37BF66C5564,0.147698024704315935,
erc20,0x3F56e0c36d275367b8C502090EDF38289b3dEa0d,0xa2891fdB4e67f3410fC6BdF60e221E04A3252840,0.142297896667540194,
erc20,0x3F56e0c36d275367b8C502090EDF38289b3dEa0d,0xba8255b633Db17acB960c8c24B90E0395874ad18,0.135849655228421127,
erc20,0x3F56e0c36d275367b8C502090EDF38289b3dEa0d,0x6FfB400bF628e1bc43d96bCe456660Ab9A99B754,0.13687702441353866,
erc20,0x3F56e0c36d275367b8C502090EDF38289b3dEa0d,0xA38092428628b7f1507FfB77624b4760732c7A28,0.126548059100075542,
erc20,0x3F56e0c36d275367b8C502090EDF38289b3dEa0d,0x81dF658075f19271fC0f1177e60Cfd040C717C7C,0.126605587834696462,
erc20,0x3F56e0c36d275367b8C502090EDF38289b3dEa0d,0xB881503009adDaaae5CBb5Dd0f43D13588092f3C,0.123987396523563372,
erc20,0x3F56e0c36d275367b8C502090EDF38289b3dEa0d,0x30AEB8e01f191B6B1228Daf09DC21c57cE729f4b,0.125227270488799006,
erc20,0x3F56e0c36d275367b8C502090EDF38289b3dEa0d,0x62E0466e04739Eb2e7e81242B5A7Fa05F61aFbcc,0.125227270488799006,
erc20,0x3F56e0c36d275367b8C502090EDF38289b3dEa0d,0xb810cB63E08cAf742DD88F2E1203b0b43A22E569,0.124370841533486178,
erc20,0x3F56e0c36d275367b8C502090EDF38289b3dEa0d,0xcE2C4a9AF659A14D0f69b0DbE528Db03F128977A,0.114205284100748219,
erc20,0x3F56e0c36d275367b8C502090EDF38289b3dEa0d,0x9F64e6a575F50d7C8c5Aea4BE962f86eE2C5cA31,0.115336029487884338,
erc20,0x3F56e0c36d275367b8C502090EDF38289b3dEa0d,0x6b6cA48DA27304eeEb1D15d355D948f68b852733,0.11426219772946759,
erc20,0x3F56e0c36d275367b8C502090EDF38289b3dEa0d,0xc0766C2F0AA7a535ced7BC91428aAfE06e35c62E,0.114205284100748219,
erc20,0x3F56e0c36d275367b8C502090EDF38289b3dEa0d,0xCb30Cc9AbC2b3B4AA72A6f42C968D632D58547a2,0.103791693676130057,
erc20,0x3F56e0c36d275367b8C502090EDF38289b3dEa0d,0xaa8BDB60eE28E7616Bfe4867f58BfE4EDF858271,0.103791693676130057,
erc20,0x3F56e0c36d275367b8C502090EDF38289b3dEa0d,0xE4369BE6dF50Aa406DB8212Ae00CF81917C848ea,0.102764053144683223,
erc20,0x3F56e0c36d275367b8C502090EDF38289b3dEa0d,0x2dc5b4261159FFFAa56c4E197605d05a72A7B368,0.103791693676130057,
erc20,0x3F56e0c36d275367b8C502090EDF38289b3dEa0d,0x295a0bc540f3d9a9bd67a777Ca9da9FB5619d3A9,0.103904734134589206,
erc20,0x3F56e0c36d275367b8C502090EDF38289b3dEa0d,0x18F4531Bede873D988dc73dF069d69BD44dCddaB,0.221430141225527081,
erc20,0x3F56e0c36d275367b8C502090EDF38289b3dEa0d,0xF0c4F4352dc1b89C2e6b25cC53DFC8C358Fb0B3D,0.093968253209152242,
erc20,0x3F56e0c36d275367b8C502090EDF38289b3dEa0d,0xEA9C63b4ABE4302E93272f4eD479F9B41ffA242B,0.084717516724155534,
erc20,0x3F56e0c36d275367b8C502090EDF38289b3dEa0d,0x9c5397933F516754C826C313876989B559F6A01D,0.084717516724155534,
erc20,0x3F56e0c36d275367b8C502090EDF38289b3dEa0d,0x4Aa6124C7dAF7d2000a421818640f911f52961B4,0.084717516724155534,
erc20,0x3F56e0c36d275367b8C502090EDF38289b3dEa0d,0x07349fe9D2B90FB21Fa823246aE46589b4c8E7A2,0.073449524813223286,
erc20,0x3F56e0c36d275367b8C502090EDF38289b3dEa0d,0x4a5cECa60ae3Aa12fc0504d94237aeA36C784652,0.084717516724155534,
erc20,0x3F56e0c36d275367b8C502090EDF38289b3dEa0d,0x3592416a4607334A658109D0321Be34B07C67571,0.084988597834322947,
erc20,0x3F56e0c36d275367b8C502090EDF38289b3dEa0d,0x9219e2778E0FAc0E59010157386f9c930CB25ab6,0.084717516724155534,
erc20,0x3F56e0c36d275367b8C502090EDF38289b3dEa0d,0x440e06A175B871F1F82743397eFC065056a42668,0.075270364215369226,
erc20,0x3F56e0c36d275367b8C502090EDF38289b3dEa0d,0xb3aa06b7A0C31F2E9031a24093bF5E19FaAA061E,0.075345634579584593,
erc20,0x3F56e0c36d275367b8C502090EDF38289b3dEa0d,0xBcDd7e2d09E80c9e871b6a913e452BC71C5a8d09,0.064674872682438625,
erc20,0x3F56e0c36d275367b8C502090EDF38289b3dEa0d,0x828AE2080d961CfFF81e418089f1D01C08E6713F,0.079033882426137688,
erc20,0x3F56e0c36d275367b8C502090EDF38289b3dEa0d,0x6cD22a1d90eEBA4bFD0080ad9f121d4a33B1FdA9,0.067869327419569009,
erc20,0x3F56e0c36d275367b8C502090EDF38289b3dEa0d,0xE7273b6597DA65796e8c8fA0cdAfC9a13d0C429E,0.067869327419569009,
erc20,0x3F56e0c36d275367b8C502090EDF38289b3dEa0d,0xa319266B88444A71f9dd3618D7c7D6e525ae9766,0.067869327419569009,
erc20,0x3F56e0c36d275367b8C502090EDF38289b3dEa0d,0x866a37d7e460F9B2bd1489eD4DE4f9fF1B62f350,0.068045254900019728,
erc20,0x3F56e0c36d275367b8C502090EDF38289b3dEa0d,0xa61597681d95acFE0E8Fe42a37299824DDcf7906,0.060838162667161618,
erc20,0x3F56e0c36d275367b8C502090EDF38289b3dEa0d,0xf4058C6d3D71a6be19061bb87d5c57C9646AEDbA,0.11726089659066489,
erc20,0x3F56e0c36d275367b8C502090EDF38289b3dEa0d,0x015122A625b45f68E6D795C0Ab99fC7107e4c3B9,0.059951831448651887,
erc20,0x3F56e0c36d275367b8C502090EDF38289b3dEa0d,0x464597dC582E836849cFA9A8A448a196A53DCADc,0.060241710091993366,
erc20,0x3F56e0c36d275367b8C502090EDF38289b3dEa0d,0x9238Bc56b50F1AE90Ad65AeFddC7a75908FC0043,0.060241710091993366,
erc20,0x3F56e0c36d275367b8C502090EDF38289b3dEa0d,0x67cc642f32D724724765DBC40472a3d520b9e02A,0.060241710091993366,
erc20,0x3F56e0c36d275367b8C502090EDF38289b3dEa0d,0x515Ea2B2D72c8A8003df54c27536e9f697734aC9,0.059645257516825117,
erc20,0x3F56e0c36d275367b8C502090EDF38289b3dEa0d,0x8c6463594D7A4c2e8fe8C8E38964B6837a9D0415,0.060838162667161618,
erc20,0x3F56e0c36d275367b8C502090EDF38289b3dEa0d,0x1EF1E5749F3AAf4aE5275E98fB640Bc5536fc09f,0.059645257516825117,
erc20,0x3F56e0c36d275367b8C502090EDF38289b3dEa0d,0x4A78Ac61395FCcf7b496b63b8Add6c41BB597CB8,0.052599809379439417,
erc20,0x3F56e0c36d275367b8C502090EDF38289b3dEa0d,0xC95A1463E2c18ba34D3de306d76AEc49c03C9B53,0.053796202060771469,
erc20,0x3F56e0c36d275367b8C502090EDF38289b3dEa0d,0x5B9e8bDD8B6EA310Fd16230EBc6c093E6A0FB562,0.063745744298153644,
erc20,0x3F56e0c36d275367b8C502090EDF38289b3dEa0d,0xd7E17A6Ef5A7eEd09DE043275890c17128ebe9B1,0.051498658985996656,
erc20,0x3F56e0c36d275367b8C502090EDF38289b3dEa0d,0xCb36F8580A36788A48518dEC95Ea458357E64E30,0.006550313968800256,
erc20,0x3F56e0c36d275367b8C502090EDF38289b3dEa0d,0x126E43b234851D173b593C8dc2896EA00f927480,0.057860377415275755,
erc20,0x3F56e0c36d275367b8C502090EDF38289b3dEa0d,0xa55f8330a714f890BA65FD831035726C7e8cF364,0.053430506167806472,
erc20,0x3F56e0c36d275367b8C502090EDF38289b3dEa0d,0x19eE073E863c6a6F6da9326044067507eA76A693,0.046050029135995877,
erc20,0x3F56e0c36d275367b8C502090EDF38289b3dEa0d,0xFcBB477ec276476B6029Ed0467F28F5ac1712884,0.046510529427355835,
erc20,0x3F56e0c36d275367b8C502090EDF38289b3dEa0d,0x099ebCc539828fF4Ced12C0Eb3B4b2Ece558FdB5,0.03998269614643292,
erc20,0x3F56e0c36d275367b8C502090EDF38289b3dEa0d,0xac5209fE1DC1cf464f9be7A6b12d4d966708BbAD,0.040265650021887017,
erc20,0x3F56e0c36d275367b8C502090EDF38289b3dEa0d,0x5BA5b1Ed55ACeF2854274691062eEAa4281660A5,0.03787123440045703,
erc20,0x3F56e0c36d275367b8C502090EDF38289b3dEa0d,0x213Cd78F59BCe7F119A2ACc868a567d6a80163D6,0.041638230187549559,
erc20,0x3F56e0c36d275367b8C502090EDF38289b3dEa0d,0x30C1fd89217Ddb02Ee8547c419eDcB6042404Bd1,0.046099845114371409,
erc20,0x3F56e0c36d275367b8C502090EDF38289b3dEa0d,0xF2186FC0a8Af528FbB51a59f33624d411f2A1011,0.038985794364276579,
erc20,0x3F56e0c36d275367b8C502090EDF38289b3dEa0d,0x4F29Ae8480537A1C20B7E17e995edc9337f5dDdb,0.034386844911990232,
erc20,0x3F56e0c36d275367b8C502090EDF38289b3dEa0d,0x039f7215b71d01eCda75aDD9F12355bE344272C2,0.041264213894388279,
erc20,0x3F56e0c36d275367b8C502090EDF38289b3dEa0d,0x09E291D0F90773f6dEB88B971B6678b18914C272,0.016142528012308575,
erc20,0x3F56e0c36d275367b8C502090EDF38289b3dEa0d,0x224bd398955107191B08D8695dC3CB7Be8145cB7,0.02954401378319626,
erc20,0x3F56e0c36d275367b8C502090EDF38289b3dEa0d,0xffb6391cb6B589f6C02415a27Bb9c7F3eFc98EA9,0.02954401378319626,
erc20,0x3F56e0c36d275367b8C502090EDF38289b3dEa0d,0xC9EFe725B348446Be29d62456d7B2A18e86B4C7A,0.02954401378319626,
erc20,0x3F56e0c36d275367b8C502090EDF38289b3dEa0d,0x92b58C17534BBEcd8e5Ab190058eb35Ec3E86267,0.030395658198056504,
erc20,0x3F56e0c36d275367b8C502090EDF38289b3dEa0d,0x8b1142a2557E4e61E837C49491097734be9A1f0e,0.024811635716600234,
erc20,0x3F56e0c36d275367b8C502090EDF38289b3dEa0d,0x574378e51d3973ce57Ce0F9a48C29FC06f4f003F,0.024811635716600234,
erc20,0x3F56e0c36d275367b8C502090EDF38289b3dEa0d,0x32Bc26e114371bd9bEf83bab681d809BB459E3a4,0.020320420321550473,
erc20,0x3F56e0c36d275367b8C502090EDF38289b3dEa0d,0xcE62539B012129C89a4fE819E55D3A2F45Fcbb6F,0.019271156169921515,
erc20,0x3F56e0c36d275367b8C502090EDF38289b3dEa0d,0x50ED348f85De0772a61fF63Bbe33dF8dB30DE1B2,0.020726828727981483,
erc20,0x3F56e0c36d275367b8C502090EDF38289b3dEa0d,0x1d5340448B8EB32B1Fef1e263755C1Ca8bF6A05A,0.020394252513614046,
erc20,0x3F56e0c36d275367b8C502090EDF38289b3dEa0d,0xa9f26211fa03dA13F9CFD6485b57BAAFCA9E9B64,0.022352462353705521,
erc20,0x3F56e0c36d275367b8C502090EDF38289b3dEa0d,0x90e06d2d9705c181Bad2A4e7c3DcA13631a6f479,0.021742849744059004,
erc20,0x3F56e0c36d275367b8C502090EDF38289b3dEa0d,0x598a69c02D6c71A4BA9180f38E463e25d24083b1,0.020320420321550473,
erc20,0x3F56e0c36d275367b8C502090EDF38289b3dEa0d,0xeB7dFf2aeFa350c2B96509053f3376bC1e4Eb887,0.020320420321550473,
erc20,0x3F56e0c36d275367b8C502090EDF38289b3dEa0d,0x328040A1D67e0bE5F0225b61901e2b9Fa3907CBD,0.016650710026052995,
erc20,0x3F56e0c36d275367b8C502090EDF38289b3dEa0d,0xb649ED56F73978808b5BFE5F92E9a311232535F1,0.01650470473342283,
erc20,0x3F56e0c36d275367b8C502090EDF38289b3dEa0d,0x51bb32c863ccCFfB9cC55B226c8bc88c0fB8c6e4,0.013875982394179368,
erc20,0x3F56e0c36d275367b8C502090EDF38289b3dEa0d,0x8568563716f07049b78A1Cf13b11887A2b9d1B09,0.003134462359276459,
erc20,0x3F56e0c36d275367b8C502090EDF38289b3dEa0d,0xc8728Ae130381EB77Fc9a8b715564B00e83E19Df,0.010225006221365332,
erc20,0x3F56e0c36d275367b8C502090EDF38289b3dEa0d,0x95b05F935655c37ADa2088c5767E5006f230B068,0.010123768536005278,
erc20,0x3F56e0c36d275367b8C502090EDF38289b3dEa0d,0xab9E8f7DCF82e40CbE183784Dcf3E223f2Bf130f,0.010123768536005278,
erc20,0x3F56e0c36d275367b8C502090EDF38289b3dEa0d,0x2e3e22f9f4D2De3DBDeE9cBf350E22aFB1c1D6B9,0.011136145389605807,
erc20,0x3F56e0c36d275367b8C502090EDF38289b3dEa0d,0x359004fab4fAaDe8AB07468F208700beC3D534B1,0.007615459177614347,
erc20,0x3F56e0c36d275367b8C502090EDF38289b3dEa0d,0xA6380643f002608EB57d9316118D736FB37907f9,0.005402496364074716,
erc20,0x3F56e0c36d275367b8C502090EDF38289b3dEa0d,0x0449E53AA1a3F75133Df621d0ee755D5381A934e,0.003577593340485747,
erc20,0x3F56e0c36d275367b8C502090EDF38289b3dEa0d,0x8CE14044DB30893212c37dbbd845646261aEAE41,0.003577593340485747,
erc20,0x3F56e0c36d275367b8C502090EDF38289b3dEa0d,0xB0dc7d01e7CfFc8c9e7D0bFdaAb2f4Fb0843dD3a,0.003577593340485747,
erc20,0x3F56e0c36d275367b8C502090EDF38289b3dEa0d,0x0F0987F8f12da443d694b0EBC1df625C9A3449d7,0.002322607920573476,
erc20,0x3F56e0c36d275367b8C502090EDF38289b3dEa0d,0xD7A7C1CFC1d66Ea62B9c06B0a1B05f8e835c76c8,0.002132576363435646,
erc20,0x3F56e0c36d275367b8C502090EDF38289b3dEa0d,0x6a2c3BF01bb3A88895f1f181eFE05041221787Bc,0.002174805598355164,
erc20,0x3F56e0c36d275367b8C502090EDF38289b3dEa0d,0xb60c49f9F4B2FD75Ebc5fd9AA19eDa27f8229464,0.002111461745975887,
erc20,0x3F56e0c36d275367b8C502090EDF38289b3dEa0d,0x0Db7a7e2D033FcE82D477B47e4CF2998a4C53958,0.002132576363435646,
erc20,0x3F56e0c36d275367b8C502090EDF38289b3dEa0d,0x26b96C1c3F93D353171BEf8e7fE8fc99A822aC69,0.001101727359210403,
erc20,0x3F56e0c36d275367b8C502090EDF38289b3dEa0d,0xcAAfD9A1243e09470f4Ac95fFe39FAbA42f66DFB,0.001049264151628956,
erc20,0x3F56e0c36d275367b8C502090EDF38289b3dEa0d,0x02b85Aedf9c10A18144973B0a98e2F014da54E0F,0.001049264151628956,
erc20,0x3F56e0c36d275367b8C502090EDF38289b3dEa0d,0x46158024C1a3E11c105b7Fc9a444943ee65DaEf2,0.001049369078044119,
erc20,0x3F56e0c36d275367b8C502090EDF38289b3dEa0d,0x3eF85B027449A75205E34B86FE71CdCe228A59ef,0.001059756793145246,
erc20,0x3F56e0c36d275367b8C502090EDF38289b3dEa0d,0xfe35E70599578eFef562E1f1cdc9Ef693B865E9D,0.001059756793145246,
erc20,0x3F56e0c36d275367b8C502090EDF38289b3dEa0d,0xAF8738625053139b294EF75e00Ce75b2290a3f07,0.001059756793145246,
erc20,0x3F56e0c36d275367b8C502090EDF38289b3dEa0d,0xaa65a7b44BB01610501fc928F37337bB254d475A,0.001059756793145246,
erc20,0x3F56e0c36d275367b8C502090EDF38289b3dEa0d,0x97c4FA1BFD20326032C457DcF72C7c37f4E535eF,0.001053461208235472,
erc20,0x3F56e0c36d275367b8C502090EDF38289b3dEa0d,0x62Bf0104B2B453acB0854F0a00556B96795C3fF2,0.00035150025363285,
erc20,0x3F56e0c36d275367b8C502090EDF38289b3dEa0d,0xde198Eca6A6079a57B05179EE6597D3dEEe4A2dd,0.000348020053101832,
erc20,0x3F56e0c36d275367b8C502090EDF38289b3dEa0d,0xbd237e8BCa5538BbcAd67842FfBfcAF55B208342,0.00035150025363285,
erc20,0x3F56e0c36d275367b8C502090EDF38289b3dEa0d,0x11C74eA53003C8B495C76C8CE625b9680bcDB2e0,0.000358460654694886,
erc20,0x3F56e0c36d275367b8C502090EDF38289b3dEa0d,0x44c9c3D172ff0892eB42b89276623B8f0D56784D,0.00035150025363285,
erc20,0x3F56e0c36d275367b8C502090EDF38289b3dEa0d,0xA506d5E82F2CC10b80da269a364354738C3E3ae1,0.000000539062610291,
erc20,0x3F56e0c36d275367b8C502090EDF38289b3dEa0d,0xe97ecd894E482e9745Bf1fDf99d5Dc18fAb625f6,0.000000533725356724,
erc20,0x3F56e0c36d275367b8C502090EDF38289b3dEa0d,0xD6328641C4c5685804a3c28BC798E84e50284B37,0.000000533725356724,